product_id,canonical_name,display_name,brand,category,in_basket
1,Торбичка Кауфланд,,Кауфланд,Дом и бит,
2,Закуска с клен.сироп,,Закуска,Хляб и тестени,
3,"Devin 1,8 Мултипак",,Devin,,
4,Кроасан нуга 90г,,,Хляб и тестени,
5,"Olympus Био ПМ 3,7%","Olympus Био прясно мляко 3,7%",Olympus,Мляко и млечни,1
6,Olympus Цедено10%350,,Olympus,Мляко и млечни,
7,Активиа натур.280г,,Активиа,,
8,"Балкан Био КМ 3,6%","Балкан Био кисело мляко 3,6%",Балкан,Мляко и млечни,1
9,"Perrier вода 0,33л",,Perrier,Вода,
10,Балкан БиоКМ 2% 400г,Балкан Био кисело мляко 2% 400г,Балкан,Мляко и млечни,1
11,"Ведраре КМ 3,6% 400г","Ведраре кисело мляко 3,6% 400г",Ведраре,Мляко и млечни,1
12,Хляб добруджа350гр,,Добруджа,Хляб и тестени,
13,"Ест.Газ Вода 0,5л",,Ест,Вода,
14,Хляб пшеничен400,,,Хляб и тестени,
15,Amadori Цяло пиле,,Amadori,Месо и колбаси,
16,KLC салам за багети,,KLC,Месо и колбаси,
17,Банани (кг),,,Плодове и зеленчуци,
18,"Olympus ПМ 3,7% 1л","Olympus прясно мляко 3,7% 1л",Olympus,Мляко и млечни,1
19,Qualita Rossa250гр,,Qualita,,
20,"Olympus ПМ 3,7% 1,5л","Olympus прясно мляко 3,7% 1,5л",Olympus,Мляко и млечни,1
21,КОКО Био Яйца М6,,Коко,Яйца,
22,Мляно месо смес 500г,,,Месо и колбаси,
23,Паста Микс Милк 350г,,,Хляб и тестени,
24,Arla КС натурално,,Arla,,
25,Coca Cola 0.33 l,,Coca cola,Напитки,
26,Брей! Копър,,Брей,Плодове и зеленчуци,
27,Брей! Лук зелен,,Брей,Плодове и зеленчуци,
28,"Девин вода 1,5л 6бр",,Девин,Вода,
29,"Ест.Газ вода 1,5л",,Ест,Вода,
30,Кърпи за лице,,Кърпи,,
31,Моркови кг,,,Плодове и зеленчуци,
32,Закуска бискв.315г,,Закуска,Хляб и тестени,
33,Краставици (кг),,,Плодове и зеленчуци,
34,"Михалково 1,5л",,Михалково,,
35,"CR пил. бут жълт,кг",,CR,Месо и колбаси,
36,KLC кух. хартия,,KLC,Дом и бит,
37,KLC печена шунка,,KLC,Месо и колбаси,
38,Био краставица,,,Плодове и зеленчуци,
39,Брей! Магданоз,,Брей,Плодове и зеленчуци,
40,Бяла багета 110гр,,Бяла,Хляб и тестени,
41,Кроасан нуга 80г,,,Хляб и тестени,
42,Саяна Био КМ,Саяна Био кисело мляко,Саяна,Мляко и млечни,1
43,"Coca Cola 0,5 л",,Coca cola,Напитки,
44,Кашкавалка 120 г,,Кашкавалка,Сирене и кашкавал,
45,Кроасан с ягода 90г,,,Хляб и тестени,
46,Круши Конференс кг,,,Плодове и зеленчуци,
47,CR пил. филе жълто,,CR,Месо и колбаси,
48,Chio Stickletti 100г,,Chio,Захарни и снакс,
49,KLC.Варена.шунка,,KLC,Месо и колбаси,
50,L&B Салфетки,,L&B,Дом и бит,
51,Брей! Репички,,Брей,Плодове и зеленчуци,
52,Кабаноси 120г,,Кабаноси,Месо и колбаси,
53,Картофи сладки,,,Плодове и зеленчуци,
54,Краставица фол. бр,,Краставица,Плодове и зеленчуци,
55,Ягоди 250 г бр,,,Плодове и зеленчуци,
56,Arla кр.сирене,,Arla,Сирене и кашкавал,
57,DM МаслоКраварка250,,DM,Мляко и млечни,
58,Devin Изв. вода 1л,,Devin,Вода,
59,Боженци кис.мляко 4%,,Боженци,Мляко и млечни,
60,Боровец Кексче 30г,,Боровец,Захарни и снакс,
61,Боровинки 125 гр,,,Плодове и зеленчуци,1
62,Кабаноси птиче,,Кабаноси,Месо и колбаси,
63,Картофи пресни кг,,,Плодове и зеленчуци,
64,Лук жълт кг.,,,Плодове и зеленчуци,
65,Маджар.Каш.380г.БДС,,Маджар,Сирене и кашкавал,
66,Маджаров Кашк.300г,,Маджаров,Сирене и кашкавал,
67,Немска закуска 113г,,,Хляб и тестени,
68,"Пелистерка 0,75л",,Пелистерка,,
69,Прошуто кото,,,Месо и колбаси,
70,Саяна Био кашкавал,,Саяна,Сирене и кашкавал,
71,"Саяна ПМ 3% 0,5л","Саяна прясно мляко 3% 0,5л",Саяна,Мляко и млечни,1
72,Свинско мл. месо,,,Месо и колбаси,
73,Смядовска луканка,,Смядовска,Месо и колбаси,
74,"Торба,многократна",,,Дом и бит,
75,Чери бар Малка кут.,,Чери,Плодове и зеленчуци,
76,Barni шоко 30 гр.,,Barni,Захарни и снакс,
77,Colgate паста зъби,,Colgate,Основни храни,
78,"Devin 2,5л/изворна",,Devin,Вода,
79,"Devin Air 1,5 л.",,Devin,,
80,Hipp пюре 125 гр,,Hipp,Бебешко,
81,Zebra Gold кухн.ролк,,Zebra,Дом и бит,
82,Активиа мултипак,,Активиа,,
83,Био домати-500г,,,Плодове и зеленчуци,
84,Брей! Маруля,,Брей,Плодове и зеленчуци,
85,Бутерка шоколад,,Бутерка,Месо и колбаси,
86,Гъби 250гр,,,Плодове и зеленчуци,
87,Домати чери тримикс,,,Плодове и зеленчуци,
88,Земел бял 60 г,,,Хляб и тестени,
89,Кабаноси свинско,,Кабаноси,Месо и колбаси,
90,"Картофи мити 2,5 к б",,,Плодове и зеленчуци,
91,КраставициKъсопл.,,КраставициKъсопл,Плодове и зеленчуци,
92,Лук червен кг,,,Плодове и зеленчуци,
93,Милинка 200г,,Милинка,Хляб и тестени,
94,Михалково газ.1л,,Михалково,,
95,Пластмасова кутия,,Пластмасова,Дом и бит,
96,Прот. грис пудинг,,Прот,Основни храни,
97,Салфетки 20бр.,,,Дом и бит,
98,Тиквички тъмни кг,,Тиквички,Плодове и зеленчуци,
99,УС Добруджа 650г,,Добруджа,,
100,Чушки Сиврия 400гр,,,Плодове и зеленчуци,
101,Aile теч.сапун,,Aile,Хигиена и козметика,
102,Aquafresh четка 2,,Aquafresh,Хигиена и козметика,
103,BIOфурми без костилк,,BIOфурми,Плодове и зеленчуци,
104,Barni мляко 30 гр.,,Barni,Мляко и млечни,
105,Colgate четка зъби,,Colgate,Хигиена и козметика,
106,Domestos Fresh 435мл,,Domestos,,
107,Dove течен сапун 500,,Dove,Хигиена и козметика,
108,KLC Носни кърпички,,KLC,Хигиена и козметика,
109,KLC тоал. хартия 4пл,,KLC,Хигиена и козметика,
110,Krina Ориз балдо1кг,,Krina,Основни храни,
111,Magic Clean M 3 бр,,Magic,,
112,Pom Bar снакс 50 г,,Pom bar,Захарни и снакс,
113,Pom Bar снакс 80 г,,Pom bar,Захарни и снакс,
114,Premium Чай 20бр,,Premium,Кафе и чай,
115,Ricola бонбони 40г,,Ricola,Напитки,
116,Rois лешник 140г,,Rois,Захарни и снакс,
117,Safeguard теч. сапун,,Safeguard,Хигиена и козметика,
118,"San Pellegrino 0,75л",,San pellegrino,,
119,Vileda Гъба 1 бр,,Vileda,Дом и бит,
120,Weid.Йогурт ягода1кг,,Weid,Мляко и млечни,
121,Zebra тоал.х-я 30бр,,Zebra,Хигиена и козметика,
122,bevola Kids,,Bevola,,
123,БЕБО кл. за уши бебе,,Бебо,Бебешко,
124,Балкан Пр.мляко,,Балкан,Мляко и млечни,
125,Брей! Краставици,,Брей,Плодове и зеленчуци,
126,Бял хляб 450 г,,Бял,Хляб и тестени,
127,Ведраре КМ 2% 400г,Ведраре кисело мляко 2% 400г,Ведраре,Мляко и млечни,1
128,"Верея КМ 4,5% 400г","Верея кисело мляко 4,5% 400г",Верея,Мляко и млечни,1
129,Златна Добруджа250г,,Златна добруджа,,
130,ЗлатнаДобр.солети60г,,ЗлатнаДобр,Захарни и снакс,
131,Кн.КРЪГЧО. Помисли,,,Дом и бит,
132,Кн.УНД. В гората,,,Дом и бит,
133,Кроасан с кайс.90г,,,Хляб и тестени,
134,Кроасан с масло65г,,,Мляко и млечни,
135,Кроки снакс 50г,,Кроки,Захарни и снакс,
136,Маджар.Кашкав. ЗС,,Маджар,Сирене и кашкавал,
137,Майонеза трапезна,,,Основни храни,
138,Микс бейби салат 200,,Микс,Плодове и зеленчуци,
139,Мляно от св. плешка,,,Месо и колбаси,
140,Пражка шунка,,,Месо и колбаси,
141,Салфетки 33х33см.,,,Дом и бит,
142,Хляб Лимец 300 гр,,,Хляб и тестени,
143,нишесте 200 г,,,Основни храни,
144,Agiva клечки за уши,,Agiva,Хигиена и козметика,
145,BIC запалка J25,,BIC,Дом и бит,
146,Barni шоко 150 гр,,Barni,Захарни и снакс,
147,Belvita бискв.225г,,Belvita,,
148,Biosaurus снакс 60гр,,Biosaurus,Захарни и снакс,
149,"CR, Пиле жълто,кг",,CR,Месо и колбаси,
150,CostaWBНесп.92г,,Costa,Кафе и чай,
151,"Devin 8x0,5л",,Devin,,
152,Energizer батерии,,Energizer,Дом и бит,
153,Eмека 3пл 12 бр,,Eмека,,
154,"Ferrero Rocher212,5г",,Ferrero,Захарни и снакс,
155,"Ferrero Rocher269,4г",,Ferrero,Захарни и снакс,
156,Fino торби 35л 15бр,,Fino,Дом и бит,
157,"Florina Круша 0,25",,Florina,Плодове и зеленчуци,
158,Joli Салфетки,,Joli,Дом и бит,
159,KI.Кутия с магнити,,KI,Дом и бит,
160,KLC Гауда слайс150г,,KLC,Сирене и кашкавал,
161,KLC Опашки скариди,,KLC,Месо и колбаси,
162,KLC кашу 150г,,KLC,Захарни и снакс,
163,KLC кувертюра бял,,KLC,,
164,KLC протеин. извара,,KLC,Сирене и кашкавал,
165,KU.Детски чорапи,,KU,Дом и бит,
166,Karmela бискв.100г,,Karmela,,
167,Karmela бисквити200г,,Karmela,Захарни и снакс,
168,Kinder шок. яйце 20г,,Kinder,Яйца,
169,L&B.Хавлиена кърпа,,L&B,Дом и бит,
170,Lindt бонбони 100г,,Lindt,Захарни и снакс,
171,Milka Кейк&Шок 35г,,Milka,Захарни и снакс,
172,"OY.Дам.ч-щи,40DEN",,OY,,
173,Olympus Цедено10%1кг,,Olympus,Мляко и млечни,
174,Papia Тоал. Хартия,,Papia,Хигиена и козметика,
175,Pfanner ябълка 2л,,Pfanner,Плодове и зеленчуци,
176,Raffaelo бонб.230г,,Raffaelo,Захарни и снакс,
177,Salza Гризини 235 г,,Salza,Захарни и снакс,
178,"Schweppes 1,25 л",,Schweppes,Напитки,
179,Somat гел 810мл,,Somat,Дом и бит,
180,"Somersby 0,33л",,Somersby,,
181,TED Възглавница,,TED,Дом и бит,
182,Tub-o-flo 60 гр.,,Tub-o-flo,,
183,Unicart Салфетки,,Unicart,Дом и бит,
184,Vitamin Aqua Zn,,Vitamin aqua,,
185,Weid.Цедено 10% 1кг,,Weid,Мляко и млечни,
186,Wet Hankies 15 бр.,,Wet,,
187,YoPRO пудинг карамел,,Yopro,Основни храни,
188,Zahira Пудра захар,,Zahira,Основни храни,
189,Zebra К.Р.,,Zebra,Дом и бит,
190,Zewa носни кърпи,,Zewa,Хигиена и козметика,
191,Авокадо консумация,,,Плодове и зеленчуци,
192,Активиа Киноа 280г,,Активиа,,
193,Активиа Пълн.орех280,,Активиа,,
194,Ананас бр,,,Плодове и зеленчуци,
195,БА Топ Сърлоин,,БА,Месо и колбаси,
196,БРЕЙ! Грах,,Брей,Плодове и зеленчуци,
197,Бейби спанак 125 г,,Бейби,Плодове и зеленчуци,
198,Био Ябълки 4 бр.,,,Плодове и зеленчуци,
199,Био лук 500 гр бр,,,Плодове и зеленчуци,
200,Био моркови 500г,,,Плодове и зеленчуци,
201,Боровинки 300 г бр,,,Плодове и зеленчуци,1
202,Бочко мокри кърпички,,Бочко,Хигиена и козметика,
203,Бочко препарат500,,Бочко,Дом и бит,
204,Брей! Картофи,,Брей,Плодове и зеленчуци,
205,Брей! Яйца L6 своб.,,Брей,Яйца,
206,"Ведраре KМ 4,5% 400г","Ведраре кисело мляко 4,5% 400г",Ведраре,,1
207,Горуб.хляб бял600г,,Горуб,Хляб и тестени,
208,Градински ръкавици,,Градински,,
209,Джинд. корени (кг),,Джинд,Плодове и зеленчуци,
210,Домати Рома кг,,,Плодове и зеленчуци,
211,Домлян Каш.БДС 400г,,Домлян,Сирене и кашкавал,
212,Донът със захар 49г,,,Хляб и тестени,
213,"Елена КM 3,6% 400 г","Елена кисело мляко 3,6% 400 г",Елена,,1
214,Елена КС Класик вак.,,Елена,,
215,Житен Дар 220г,,Житен дар,,
216,Заек,,,Месо и колбаси,
217,Закуска с яйчен 90г,,Закуска,Хляб и тестени,
218,ЗеленЛук вр.(бр),,ЗеленЛук,Плодове и зеленчуци,
219,Кайма смес СП,,,Месо и колбаси,
220,Калиакра олио,,Калиакра,Основни храни,
221,Картичка Код 205,,Картичка,Дом и бит,
222,Кн.КРЪГЧО. Голямо,,,Дом и бит,
223,Кн.Летни приключения,,,Дом и бит,
224,Кн.МЗ. Цифрите,,,Дом и бит,
225,Кн.Противоположности,,,Дом и бит,
226,Кн.Рожден ден,,,Дом и бит,
227,Корнишон кг,,Корнишон,,
228,Кристал бисквити130г,,Кристал,Захарни и снакс,
229,Кърпичка за очила,,Кърпичка,Хигиена и козметика,
230,Лайка 20 гр,,Лайка,Кафе и чай,
231,Лимони кг,,,Плодове и зеленчуци,
232,Малини 125 гр,,,Плодове и зеленчуци,
233,Мини багета55г,,Мини,Хляб и тестени,
234,Мини кроас.масло25г,,Мини,Мляко и млечни,
235,Пащърнак 300г бр,,Пащърнак,Плодове и зеленчуци,
236,Пърленка 50 гр,,Пърленка,Хляб и тестени,
237,Салата Фризе 170г,,Салата,Плодове и зеленчуци,
238,Саяна Био пр. мляко,,Саяна,Мляко и млечни,
239,Саяна Каш.БДС 400г,,Саяна,Сирене и кашкавал,
240,Св.месо за готвене,,Св,Месо и колбаси,
241,Силует Елда 400г,,Силует,,
242,ТАМА чай лайка26г,,ТАМА,Кафе и чай,
243,Телешко мляно месо,,,Месо и колбаси,
244,Троя вафла 32/30г,,Троя,Захарни и снакс,
245,Флат айрън стек 300г,,Флат,Месо и колбаси,
246,ХлябГорублянски500,,ХлябГорублянски500,Хляб и тестени,
247,ХлябПротеинов 400,,ХлябПротеинов,Хляб и тестени,
248,ХлябСем. от тиква350,,ХлябСем,Хляб и тестени,
249,Хрус солети 60 гр,,Хрус,Захарни и снакс,
250,Чери бар Голяма,,Чери,Плодове и зеленчуци,
251,Черни маслини,,Черни,Плодове и зеленчуци,
252,Чушки Червени кг,,,Плодове и зеленчуци,
253,боя за сладкиш,,,Плодове и зеленчуци,
254,#КФМПромоПанагюрска,,,,
255,7d.Кроасан макс92г,,,Хляб и тестени,
256,ARGOSS Зехтин 1 л,,ARGOSS,,
257,Actimel напитка г.пл,,Actimel,Хляб и тестени,
258,Agiva кърпички,,Agiva,Хигиена и козметика,
259,Agiva спрей ръце,,Agiva,Хигиена и козметика,
260,"Alpro Not Milk 3,5%",,Alpro,,
261,Always дам.превръзки,,Always,,
262,Astera паста 50 мл,,Astera,Основни храни,
263,Astera паста за зъби,,Astera,Основни храни,
264,Ayco сандвич тостер,,Ayco,,
265,BIO джинджифил,,BIO,,
266,"BRIO К-т вилици, 3бр",,BRIO,,
267,"BRIO К-т лъжици, 6бр",,BRIO,,
268,Bake Rolls Пица 80г,,Bake,,
269,Barni мляко 150 гр,,Barni,Мляко и млечни,
270,Bebelan кърпички24бр,,Bebelan,Хигиена и козметика,
271,Bella Nova Д.превр.,,Bella,,
272,Belvita 50 гр,,Belvita,,
273,BgLine вафла 35г,,BgLine,Захарни и снакс,
274,"Cappy портокал0,2л",,Cappy,Плодове и зеленчуци,
275,Caprice пури 250гр,,Caprice,Кафе и чай,
276,"Carlsberg 5% 0,33л",,Carlsberg,,
277,Coca Cola 1л,,Coca cola,Напитки,
278,Coca Cola Zero 2л,,Coca cola,Напитки,
279,Colgate паста 50мл,,Colgate,Основни храни,
280,Corona Cero,,Corona,,
281,Costa кафе зър.1кг,,Costa,Кафе и чай,
282,Costa мляно 200 г,,Costa,Месо и колбаси,
283,Croko крекери 150г,,CR,Захарни и снакс,
284,DM Масло НТК 250г,,DM,Мляко и млечни,
285,DM Масло жълто 250г,,DM,Мляко и млечни,
286,DM Масло зелено250г,,DM,Мляко и млечни,
287,Devin 11л/изворна,,Devin,Вода,
288,Devin мин.вода 0.5,,Devin,Вода,
289,Digestiбиск.мл.200г,,Digestiбиск,,
290,Dilios Калъфка,,Dilios,,
291,Dolce есенция,,Dolce,,
292,Domestos 750 мл,,Domestos,,
293,Dove деоспрей,,Dove,Хигиена и козметика,
294,Dr.Bеckmann сапун,,Dr,Хигиена и козметика,
295,"DrWitt Antiox 0,75л",,DrWitt,,
296,DragonSup кокос шеа,,Коко,,
297,Duracell бат.AА4+2бр,,Duracell,,
298,Elephant Пр.сол 180г,,Elephant,Основни храни,
299,Emeka т.хартия30бр,,Emeka,Дом и бит,
300,Energier CR2032 BP2,,CR,,
301,Event клечки за уши,,Event,Хигиена и козметика,
302,Familia ролка 1бр,,Familia,Дом и бит,
303,Fanta портокал 2 л,,Fanta,Плодове и зеленчуци,
304,Fantasia шок.т.100г,,Fantasia,Напитки,
305,Ferrero Rocher 525г,,Ferrero,Захарни и снакс,
306,"Florina вишна 0,25",,Florina,,
307,"Florina кайс 0,25л",,Florina,,
308,Florina плод. кокт,,Florina,,
309,"Florina ябъл 0,25",,Florina,,
310,"Fragedo,Пил.подбедр.",,Fragedo,,
311,Frosch Ж.Лимон 500мл,,Frosch,Плодове и зеленчуци,
312,Frosch съдове Citrus,,Frosch,,
313,GTPremiumЛайка30г,,GTPremiumЛайка30г,Кафе и чай,
314,Gerber пауч 80 гр,,Gerber,,
315,Granbiragi Тв.сир.80,,Granbiragi,,
316,Grivas пуканки130г,,Grivas,Захарни и снакс,
317,Happy Day Праскова,,Happy,Плодове и зеленчуци,
318,"Heineken 0,33 л",,Heineken,,
319,Hipp сок 200 мл.,,Hipp,Напитки,
320,"Jameson уиски 0,7л",,Jameson,,
321,Jogobella йогурт20бр,,Jogobella,Мляко и млечни,
322,K-Bio Домати 500 гр,,K-bio,Плодове и зеленчуци,
323,K-Bio Масло 200г,,K-bio,Мляко и млечни,
324,K-Bio Овесена каша,,K-bio,,
325,K-Bio Прясно мляко,,K-bio,Мляко и млечни,
326,K-Bio Сладолед,,K-bio,,
327,K-Bio Чесън 100г бр,,K-bio,,
328,K-Bio Чушки биколор,,K-bio,Плодове и зеленчуци,
329,K-Fav Пармезан 100г,,K-fav,Сирене и кашкавал,
330,K-Fav Пармезан 125г,,K-fav,Сирене и кашкавал,
331,K-bio зеленчуци,,K-bio,Плодове и зеленчуци,
332,K.Солен сир150гр,,K,Основни храни,
333,K.Соленки 150гр,,K,Основни храни,
334,KI.Дърв. аксесоари,,KI,,
335,KI.Мебели,,KI,Дом и бит,
336,KI.Настолна игра,,KI,,
337,KLC 3пл. 10бр,,KLC,,
338,KLC Гауда слайс 300г,,KLC,Сирене и кашкавал,
339,KLC Ементал 150г,,KLC,,
340,KLC Моцарела мини125,,KLC,Сирене и кашкавал,
341,KLC Овесена каша 65г,,KLC,,
342,KLC Скир натур 500г,,KLC,,
343,KLC Хляб 500г,,KLC,Хляб и тестени,1
344,KLC бакпулвер 5x12 г,,KLC,Основни храни,
345,KLC изпукани пуканки,,KLC,Захарни и снакс,
346,KLC кърп.за очила 54,,KLC,,
347,KLC снакс сол 125г,,KLC,Захарни и снакс,
348,KLC.Овесен.флейкс.,,KLC,,
349,KLC.Резерва за моп,,KLC,,
350,KLC.капс.каф.R.20бр,,KLC,,
351,KLC.кръглоз.ориз,,KLC,Основни храни,
352,KLC.осолена.шунка,,KLC,Месо и колбаси,
353,Kikkoman Соев сос,,Kikkoman,,
354,Kinder Surprise20г,,Kinder,Захарни и снакс,
355,Kinder зайче 55г,,Kinder,Захарни и снакс,
356,Kinder шок.фигурка,,Kinder,Захарни и снакс,
357,Kl.Дървена играчка,,Kl,Дом и бит,
358,Kартонени чaши 10бр.,,Kартонени,,
359,L&B WC Четка,,L&B,,
360,L&B.стикер,,L&B,,
361,L'OR Ристрето 10 бр,,L'OR,,
362,Lavazza мл.к.4х250г,,Lavazza,Кафе и чай,
363,Lesieur майонеза350г,,Lesieur,Основни храни,
364,Lifesteam Бъз,,Lifesteam,,
365,Lindt вафла 26г,,Lindt,Захарни и снакс,
366,Lindt календар 170г,,Lindt,Захарни и снакс,
367,Lindt класик200г,,Lindt,Захарни и снакс,
368,Lindtасорти корнет,,Lindt,Захарни и снакс,
369,MP.Авто комплект,,MP,,
370,Medix течен сапун,,Medix,Хигиена и козметика,
371,Meglio препарат баня,,Meglio,Дом и бит,
372,Merci шок.бонб400г,,Merci,,
373,MildeТоал.хар.32+8,,MildeТоал,Хигиена и козметика,
374,Milka десерти 96г,,Milka,Захарни и снакс,
375,Misko нав.фиде250,,Misko,,
376,Molped превръзки 7бр,,Molped,,
377,"Moment Fix 1,5х19",,Moment,,
378,"Moretti 0,33 л.",,Moretti,,
379,Mozart бонбони 297г,,Mozart,Захарни и снакс,
380,NL.Мъжка тениска,,NL,,
381,Nescafe classic250,,Nescafe,Кафе и чай,
382,Nesquik 375 гр,,Nesquik,,
383,Nesquik DUO 325 гр,,Nesquik,,
384,Nesquik plus 400гр,,Nesquik,,
385,NesquikТунк.ваф.26г,,NesquikТунк,,
386,O.B. тампони 16бр,,O,,
387,O.B. тампони 8бр,,O,,
388,"Olympus Био КМ 3,6%","Olympus Био кисело мляко  3,6%",Olympus,Мляко и млечни,1
389,"Olympus КМ 3,6% 400г","Olympus кисело мляко 3,6% 400г",Olympus,Мляко и млечни,1
390,PA. К-кт четки,,PA,,
391,PA.Воден пистолет,,PA,,
392,PA.Дискова четка,,PA,,
393,PA.Лопатка,,PA,,
394,PA.Органайзер,,PA,,
395,PA.Ръчна количка,,PA,,
396,PA.Садило EcoLine,,PA,,
397,PFANNER Праскова,,Pfanner,Плодове и зеленчуци,
398,PUEDO Мек Пъзел mix,,PUEDO,,
399,Paladin Синьо сир100,,Paladin,,
400,Pampers гащиPrem.,,Pampers,Бебешко,
401,Pampers кърпи 48бр.,,Pampers,Бебешко,
402,Paw Patrol пъзел,,Paw,,
403,Peak Out 80 гр,,Peak,,
404,Perrier 1 л. PET,,Perrier,,
405,Pfanner Morning,,Pfanner,Напитки,
406,Philips MicroSDкартa,,CR,,
407,Picantina Канела 10,,Picantina,,
408,President Кр. Сирене,,President,Сирене и кашкавал,
409,Prisun Ябълка,,Prisun,Плодове и зеленчуци,
410,Queens Disney банан,,Queens,Плодове и зеленчуци,
411,Riso Gallo ориз,,Riso,Основни храни,
412,Rocher Т24 бонбони,,Rocher,Захарни и снакс,
413,Rois Фурма,,Rois,,
414,Rois кашу 120г,,Rois,Захарни и снакс,
415,"S&S чаша 0,2л,4бр",,S&S,Дом и бит,
416,STerra кола газ.н-ка,,STerra,Напитки,
417,Sanitex т.хартия 4бр,,Sanitex,Дом и бит,
418,Schweppes Тоник,,Schweppes,Напитки,
419,Scotti Био Овес 1л,,Scotti,,
420,Selpak тоал.х-я 32бр,,Selpak,Хигиена и козметика,
421,Sensodyne паста зъби,,Sensodyne,Основни храни,
422,Sheron препарат,,Sheron,Дом и бит,
423,Silver пяна 150 мл.,,Silver,,
424,Smarties дражета 38г,,Smarties,,
425,Sole Mio сухар 125г,,Sole mio,Хляб и тестени,
426,Splat паста за зъби,,Splat,Основни храни,
427,Starbucks напитка,,Starbucks,Хляб и тестени,
428,"Starobrno 0,5 л кен",,Starobrno,,
429,"Stella Artois 0,33",,Stella,,
430,TS.Ножици к-кт,,TS,,
431,TS.Палитра,,TS,,
432,"Tanqueray 0,0% 0,7л",,Tanqueray,,
433,Taste itТорта560г,,Taste,Захарни и снакс,
434,Trefl Пъзел 100ел.,,Trefl,,
435,Trefl Пъзел 24 maxi,,Trefl,,
436,Twix десерт 50г,,Twix,Захарни и снакс,
437,VARTA Батерии,,Varta,Дом и бит,
438,Veda Оцет винен 500,,Veda,Основни храни,
439,Vileda Вл. Кърпа 5бр,,Vileda,Дом и бит,
440,Vileda гъба 10 бр,,Vileda,Дом и бит,
441,Vileda кухн.гъба 2бр,,Vileda,Дом и бит,
442,Wolf Maxi Mix100гр,,Wolf,,
443,Wolf Maxi Mix250гр,,Wolf,,
444,YoPRO Страчатела,,Yopro,,
445,YoPRO пудинг ванилия,,Yopro,Основни храни,
446,Yova Мая за хляб 42г,,Yova,Хляб и тестени,
447,Zebra т.хартия 4 бр,,Zebra,Дом и бит,
448,Zebra тоал.х-я 8бр,,Zebra,Хигиена и козметика,
449,Zewa 20бр.,,Zewa,,
450,bev.четка зъби,,,Хигиена и козметика,
451,bevola клечки за уши,,Bevola,Хигиена и козметика,
452,bevola.тампони.грим,,Bevola,,
453,illy кафе 250 г,,,Кафе и чай,
454,Авокадо Hass бр,,,Плодове и зеленчуци,
455,Азбуката,,Азбуката,,
456,Аквилон яйца L10 бр,,Аквилон,Яйца,
457,Активиа Г.плод 280г,,Активиа,,
458,Активиа Череши 280г,,Активиа,,
459,Активиа Ябълки 280г,,Активиа,Плодове и зеленчуци,
460,Активиа круша чия150,,Активиа,Плодове и зеленчуци,
461,Активиа манго чия150,,Активиа,,
462,Аспержи 250г бр,,Аспержи,,
463,БА Денвър стек,,БА,Месо и колбаси,
464,"Багета,300г",,,Хляб и тестени,
465,Бадем Rois 70г,,Rois,,
466,Бакпулвер 10 г,,Бакпулвер,Основни храни,
467,"Балд. газ.вода 1,5",,Балд,Вода,
468,Балкан Бисквита 200г,,Балкан,Захарни и снакс,
469,Балсамов оцет,,Балсамов,Основни храни,
470,Баничка тип пура85,,Баничка,Хляб и тестени,
471,Бейби чушки 200 г бр,,Бейби,Плодове и зеленчуци,
472,Белла точени кори400,,Белла,,
473,Бенг. огън 40см,,Бенг,,
474,Бенлиан ОрЧипс 60гр,,Бенлиан,Захарни и снакс,
475,Билк.чай за деца,,Билк,Кафе и чай,
476,Био картофи 1 кг,,,Плодове и зеленчуци,
477,Био краставици късоп,,,Плодове и зеленчуци,
478,Био тиквички 500 г б,,,Плодове и зеленчуци,
479,Блейз ш.я.20 г,,Блейз,,
480,Бор Ч ПКМ кайсия 200,,Бор,Мляко и млечни,
481,Бор Чв ПКМ ягода 200,,Бор,Мляко и млечни,
482,Босилек бр,,Босилек,,
483,Бочко вл.кърпи 48бр.,,Бочко,,
484,Боя за яйца,,Боя,Яйца,
485,Брашно екстра 1 кг,,,Основни храни,
486,Брашно тип500 1кг,,,Основни храни,
487,Брей! Гъби,,Брей,Плодове и зеленчуци,
488,Брей! Домати,,Брей,Плодове и зеленчуци,
489,Брей! Кайма смес 500,,Брей,Месо и колбаси,
490,Брей! Малини 125г бр,,Брей,Плодове и зеленчуци,
491,Брей! Моркови,,Брей,Плодове и зеленчуци,
492,Брей! Селски хляб650,,Брей,Хляб и тестени,
493,Брей! Спанак,,Брей,Плодове и зеленчуци,
494,"Брецел,немски100г",,Брецел,,
495,Броколи (кг),,Броколи,,
496,Брюксел.зеле бр,,Брюксел,Плодове и зеленчуци,
497,Букет карамфили 40 с,,Букет,,
498,Букет рози 11бр,,Букет,,
499,Бяла кристална захар,,Кристал,Основни храни,
500,ВВВ Праскова 12% 2л,,ВВВ,Плодове и зеленчуци,
501,Ведраре Kашкавал 400,,Ведраре,,
502,Великденс. Стикери,,Великденс,,
503,Велинград 1л,,Велинград,,
504,"Верея КМ 2,9% 400г","Верея кисело мляко 2,9% 400г",Верея,Мляко и млечни,1
505,Верея ПМ 3% 1л,Верея прясно мляко 3% 1л,Верея,Мляко и млечни,1
506,"Верея ПМ Чудно 3,7%","Верея прясно мляко Чудно 3,7%",Верея,Мляко и млечни,1
507,Верея Чудно КМ 5%,Верея Чудно кисело мляко 5%,Верея,Мляко и млечни,1
508,Виенска шунка,,Виенска,Месо и колбаси,
509,Вила за засаждане,,Вила,,
510,Вита баница800,,Вита,,
511,Вода бебе 1.5,,,Вода,
512,Геврек120 гр.,,Геврек120,,
513,Горска ягода,,Горска,Плодове и зеленчуци,
514,Градинска лопатка,,Градинска,,
515,Градинска ножица,,Градинска,,
516,Грейпфрут кг,,Грейпфрут,,
517,Гъби Кладница 250г б,,,Плодове и зеленчуци,
518,Дамски чехли,,Дамски,,
519,Детски Фотоапарат,,Детски,,
520,Джумайска луканка,,Джумайска,Месо и колбаси,
521,Домат розов България,,Домат,Плодове и зеленчуци,
522,Домати коктейлни 500,,,Плодове и зеленчуци,
523,Домати на клонка кг,,,Плодове и зеленчуци,
524,Домати розови (кг),,,Плодове и зеленчуци,
525,Домати черни 500г,,,Плодове и зеленчуци,
526,Домлян сирене 500г,,Домлян,Сирене и кашкавал,
527,Дървена кафемашина,,Дървена,Кафе и чай,
528,Дървена решетка,,Дървена,,
529,Дървени Мебели,,Дървени,Дом и бит,
530,Елиаз пълн.Дъл300г,,Елиаз,,
531,Железни рингове,,Железни,,
532,"Живена Хляб,350",,Живена,Хляб и тестени,
533,Завеса за баня,,Завеса,,
534,Загорка 2 л PET,,Загорка,,
535,Закуска бискв.355г,,Закуска,Хляб и тестени,
536,Закуска пудинг 100 г,,Закуска,Хляб и тестени,
537,"ЗакускаПекан,клен85г",,ЗакускаПекан,Хляб и тестени,
538,Захарни перли микс,,Захарни,Основни храни,
539,Захарни сърца микс,,Захарни,Основни храни,
540,Здраве Бебе изм.гел,,Здраве,Бебешко,
541,Здраве Бебе крем75мл,,Здраве,Хляб и тестени,
542,Зеле ранно кг,,Зеле,Плодове и зеленчуци,
543,Златна солети50г,,Златна,Захарни и снакс,
544,Зора Яйца L6 под,,Зора,Яйца,
545,Иберико бургер,,Иберико,,
546,Играй със сричките,,Играй,,
547,Изгрев бискв.120г,,Изгрев,,
548,Ирландско Масло 250г,,Ирландско,Мляко и млечни,
549,Искрящи фонтани,,Искрящи,,
550,К-кт за опаковане,,К-кт,,
551,К-кт кутии 3 бр.,,К-кт,,
552,КФМ Луканка,,КФМ,Месо и колбаси,
553,Кайма смес60св/40г,,,Месо и колбаси,
554,"Кайсии 0,500гр. бр.",,Кайсии,,
555,Калъф,,Калъф,,
556,Картонени купи 10бр.,,Картонени,,
557,Картофи 5кгбр.,,,Плодове и зеленчуци,
558,Кафява захар 500гр,,Кафява,Основни храни,
559,Кашу печеноRois 140g,,Rois,Захарни и снакс,
560,Киви Голд кг,,Киви,Плодове и зеленчуци,
561,Клечки за зъби 470бр,,Клечки,Хигиена и козметика,
562,Кн. Да победим ..,,,Дом и бит,
563,Кн. Планетата на м.,,,Дом и бит,
564,Кн. Професии /МЗ/,,,Дом и бит,
565,Кн.Емоциите,,,Дом и бит,
566,Кн.ЖАБОКЪТ КВАКИ,,,Дом и бит,
567,Кн.ИБ. Светът около,,,Дом и бит,
568,Кн.КРЪГЧО. Брой до,,,Дом и бит,
569,Кн.КРЪГЧО. Открий цв,,,Дом и бит,
570,Кн.МЗ - В зеленч.гр.,,,Плодове и зеленчуци,
571,Кн.Нощта преди ..,,,Дом и бит,
572,Кн.Оцвети ПРИНЦЕСИ,,,Дом и бит,
573,Кн.ПАРТИ,,,Дом и бит,
574,Кн.ПВЦ! ПРИКЛЮЧЕНИЯ,,,Дом и бит,
575,Кн.ПЕПЕРУДКАTA,,,Дом и бит,
576,Кн.ПРИКАЗКИ в РИМИ,,,Дом и бит,
577,Кн.Прик. кученца,,,Дом и бит,
578,Кн.УНД. На село,,,Дом и бит,
579,Кн.УНД.В супермаркет,,,Дом и бит,
580,"Козарев Козе КМ 3,7%","Козарев Козе кисело мляко 3,7%",Козарев,Мляко и млечни,1
581,Коледна торбичка,,Коледна,Дом и бит,
582,Коледни фиби с рогца,,Коледни,,
583,Коледниче 9 см,,Коледниче,Хляб и тестени,
584,Комплект гайки,,Комплект,,
585,Комплект кутии,,Комплект,,
586,Комплект четки,,Комплект,,
587,Конифери микс 9 см,,Конифери,,
588,Копър връзка 1бр,,Копър,Плодове и зеленчуци,
589,Крем ягода,,,Хляб и тестени,
590,Кроасан с шунка 95,,,Месо и колбаси,
591,Круши Червени кг.,,,Плодове и зеленчуци,
592,"Купа, 0,6 л",,Купа,,
593,"Купа, 4 л",,Купа,,
594,Курабийка с фурми,,Курабийка,Плодове и зеленчуци,
595,Кутия за храна,,Кутия,Дом и бит,
596,Кухненски кърпи,,Кухненски,,
597,Къдрав магданоз,,Къдрав,Плодове и зеленчуци,
598,Къпани кори 400г,,Къпани,,
599,Кървена къща,,Кървена,,
600,Лавандула 12см,,Лавандула,,
601,Лактофол хризантем,,Лактофол,,
602,Лимони Натур 500г бр,,,Плодове и зеленчуци,
603,Луканка Резерва 100г,,Луканка,Месо и колбаси,
604,Лукчета грейпфрут75г,,Лукчета,Плодове и зеленчуци,
605,МОИТЕ ПЪРВИ ДУМИЧКИ,,МОИТЕ,,
606,Магданоз в саксия бр,,Магданоз,Плодове и зеленчуци,
607,"Магнитна ""Бесеница""",,Магнитна,Дом и бит,
608,Магре Зелени аспержи,,Магре,Плодове и зеленчуци,
609,Маджаров Луканка,,Маджаров,Месо и колбаси,
610,Мандарини кг,,Мандарини,,
611,Мартеница XM02,,Мартеница,,
612,Мартеница х1 бр.,,Мартеница,,
613,Маруля.къдрава бр,,Маруля,Плодове и зеленчуци,
614,Маслини Каламата,,Маслини,Плодове и зеленчуци,
615,Маслини суп. колосал,,Колос,Плодове и зеленчуци,
616,Мелко грис 1 кг,,Мелко,Основни храни,
617,Мероне Био КС 350г,,Мероне,,
618,Мероне Каш.400г БДС,,Мероне,Сирене и кашкавал,
619,Мизия Яйца M6 подови,,Мизия,Яйца,
620,Микро-ни кърпи 4 бр,,Микро-ни,,
621,Мини поничка 25г,,Мини,Хляб и тестени,
622,Мини поничка 26г,,Мини,Хляб и тестени,
623,Мираж тункв.б-ви.яг.,,Мираж,,
624,Молерите бабек,,Молерите,,
625,Морени MAXX 49 гр,,Морени,,
626,Музикална играчка,,Музикална,Дом и бит,
627,Нар бр,,Нар,,
628,Ная вафли 600 г,,Ная,Захарни и снакс,
629,Нишесте г.плод 60г,,Нишесте,Основни храни,
630,Нишесте ягода 60г,,Нишесте,Плодове и зеленчуци,
631,Образователен таблет,,Образователен,,
632,Овесени ядки 250гр,,Овесени,Захарни и снакс,
633,Опаковъчна хартия,,Опаковъчна,Дом и бит,
634,Орбел оцет ябълков,,Орбел,Плодове и зеленчуци,
635,Орбел сол трап.,,Орбел,Основни храни,
636,Орехите Deli филе,,Орехите,Месо и колбаси,
637,Оризов.бискв120г,,Оризов,Основни храни,
638,Отвертки и ключове,,Отвертки,,
639,Папая (бр),,Папая,,
640,Пастет свински100,,Пастет,Месо и колбаси,
641,Перелик Луканка,,Перелик,Месо и колбаси,
642,"Пил. Цяло бутче,кг",,Пил,Месо и колбаси,
643,Пил.дроб 1 кг плик,,Пил,,
644,"Пиринско 0,5 Кен",,Пиринско,,
645,Праз вр./бр./,,Праз,,
646,Предпазна маска,,Предпазна,,
647,"Прясно пиле Халал,кг",,Прясно,Месо и колбаси,
648,Пуешко филе кг,,Пуешко,Месо и колбаси,
649,Пушен бекон 190 г,,Пушен,Месо и колбаси,
650,Пълнозър.багета110,,Пълнозър,Хляб и тестени,
651,Пъпеш Галия кг,,Пъпеш,Плодове и зеленчуци,
652,Радиком грис ванилия,,Радиком,Основни храни,
653,Репички вр.(бр),,Репички,Плодове и зеленчуци,
654,Родопски чай билк.,,Родопски,Кафе и чай,
655,Ряпа Дайкон кг,,Ряпа,Плодове и зеленчуци,
656,Саздърма,,,Месо и колбаси,
657,Салатa Литъл джем,,Салатa,Плодове и зеленчуци,
658,Салата Айсберг(бр),,Салата,Плодове и зеленчуци,
659,Салата червена,,Салата,Плодове и зеленчуци,
660,Салфетки Kitchen,,,Дом и бит,
661,Салфетки ZEBRA,,Zebra,Дом и бит,
662,Саяна ПМ 3% 1л,Саяна прясно мляко 3% 1л,Саяна,Мляко и млечни,1
663,Свещ цифра 01,,Свещ,Дом и бит,
664,"Свещ, балон",,Свещ,Дом и бит,
665,"Свещи ""HP"",13бр.",,Свещи,Дом и бит,
666,Свещи ЧРД,,Свещи,Дом и бит,
667,Свещи спирали,,Свещи,Дом и бит,
668,Свински врат бк 600г,,Свински,Месо и колбаси,
669,Свински гърди ск600г,,Свински,Месо и колбаси,
670,Свинско каре бк 400г,,,Месо и колбаси,
671,"Свинско филе, 100г",,,Месо и колбаси,
672,Сгъваем матрак,,Сгъваем,,
673,Сезони вишна160г,,Сезони,,
674,Селектиран бери микс,,Селектиран,,
675,Селски пшеничен450г,,Селски,,
676,Селски хляб 600г,,Селски,Хляб и тестени,
677,Силует класик400г,,Силует,,
678,Слънчо нектар 200мл,,Слънчо,Напитки,
679,Слънчо пуканки 47г,,Слънчо,Захарни и снакс,
680,Спанак 300гр бр.,,Спанак,Плодове и зеленчуци,
681,Суити (бр),,Суити,,
682,Сьомга котлет,,Сьомга,Месо и колбаси,
683,Тава кръгла,,Тава,,
684,Тенджера 24х10.5см,,Тенджера,,
685,Термо бельо,,Термо,,
686,Термо чанта,,Термо,,
687,Тиган 26см,,Тиган,,
688,Тиган палачинки,,Тиган,,
689,Тиква Самсон,,Тиква,,
690,Тиква Хокайдо,,Тиква,,
691,Турски геврек 110г,,Турски,,
692,Фамилия кори 500 г,,Фамилия,,
693,Фасул жълт,,Фасул,,
694,Фитнес хлебче 75г,,Фитнес,,
695,Фурма без костилка,,Фурма,,
696,Хартиена торбичка,,Хартиена,Дом и бит,
697,"Хисар мин.вода 1,5",,Хисар,Вода,
698,Хляб Палермо 400 гр,,,Хляб и тестени,
699,Хляб със закваска500,,,Хляб и тестени,
700,"Хляб,бял,500гр",,,Хляб и тестени,
701,"Хляб,сем.от ръж350",,,Хляб и тестени,
702,Хоспед Чаршафи 10бр,,Хоспед,,
703,Хрус-Хрус 150г,,Хрус-Хрус,,
704,Ципура изчистeна,,Ципура,,
705,Чанта 15x8x5 см,,Чанта,,
706,Чаша с дръжка 320,,Чаша,Дом и бит,
707,Четка NATURE,,Четка,,
708,Четка за съдове,,Четка,,
709,Чисто унивспрей700мл,,Чисто,,
710,Чушки Бели,,,Плодове и зеленчуци,
711,Чушки камби кг,,,Плодове и зеленчуци,
712,Чушки микс бр,,,Плодове и зеленчуци,
713,Чушки червена 500г,,,Плодове и зеленчуци,
714,Шеф Месар Цяло бутче,,Шеф,Месо и колбаси,
715,Шеф Месар горно бутч,,Шеф,Месо и колбаси,
716,Шокол.яйце с игр.20г,,Шокол,Яйца,
717,Ябълки Гала кг,,,Плодове и зеленчуци,
718,Ябълки Гига кг,,,Плодове и зеленчуци,
719,Ябълки Златна Пр,,,Плодове и зеленчуци,
720,Ягоди 500гр(бр),,,Плодове и зеленчуци,
721,инструменти 100ч.,,,,
722,"крем 60г 2 * 1,09",,,Хляб и тестени,
723,купа за крем,,,Хляб и тестени,
724,наст. Игра,,,,
725,шокол.топчета,,,,
726,Закуска пекан 85г,,Закуска,Хляб и тестени,
727,Прот. пудинг ванилия,,Прот,Основни храни,
728,La Provincia Пил.бут,,La,Месо и колбаси,
729,Кроасан с масло 55г,,,Мляко и млечни,
730,"Devin изв.вода 0,33",,Devin,Вода,
731,Пърленка 160г,,Пърленка,Хляб и тестени,
732,ЧернаСтафид141/230,,ЧернаСтафид141/230,,
733,DrWitt Collagen,,DrWitt,,
734,Harmonica яйца,,Harmonica,Яйца,
735,Ristorante Шунка,,Ristorante,Месо и колбаси,
736,БрейРоз.дом,,Брей,,
737,Флор,,Флор,,
738,Arla Гауда слайс 150,,Arla,Сирене и кашкавал,
739,CocoRico Пил.бонфиле,,CocoRico,Месо и колбаси,
740,"Corona бира 0,355 л",,Corona,,
741,Dolce боя,,Dolce,,
742,K-Bio Лимони 500 гр,,K-bio,Плодове и зеленчуци,
743,Nesquik зър зак 225,,Nesquik,,
744,Pfanner ябълка 1 л,,Pfanner,Плодове и зеленчуци,
745,Star пуканки 80 г,,Star,Захарни и снакс,
746,Tedi Muss Ябълка,,Tedi,Плодове и зеленчуци,
747,illy есе pods 18бр,,,,
748,А-Салата Радост,,А-Салата,Плодове и зеленчуци,
749,Активиа Мюсли 280г,,Активиа,,
750,"Боженци Кис. Мл.2,2%",,Боженци,,
751,Боровец Кексче 120г,,Боровец,Захарни и снакс,
752,Бочко крем 75 мл,,Бочко,Хляб и тестени,
753,Верея Кашкавал 200г,,Верея,Сирене и кашкавал,
754,Домати Биволско сърц,,,Плодове и зеленчуци,
755,Кабаноси 90г,,Кабаноси,Месо и колбаси,
756,Кутия PET 250 мл.,,Кутия,Дом и бит,
757,Мизия Яйца M6 селен,,Мизия,Яйца,
758,Пъпеш Канталупе кг,,Пъпеш,Плодове и зеленчуци,
759,Чушка камба кг,,Чушка,Плодове и зеленчуци,
760,Airwaves Extreme 46д,,Airwaves,,
761,Alpro заквас.боров.,,Alpro,,
762,Alpro кокос мал.120г,,Коко,,
763,Artur крекери сол90,,Artur,Захарни и снакс,
764,Balkan Сандвич 200g,,Balkan,,
765,Balkan Чабата 240г,,Balkan,,
766,Beretta Врат Coppa,,Beretta,,
767,Cappy 1 л,,Cappy,Напитки,
768,"Cheval Шардоне 0,75",,Cheval,,
769,Coco суха паста38г,,Coco,Основни храни,
770,"Cola Zero 0,33л",,Cola,Напитки,
771,DMB Кр масло 100g,,DMB,Мляко и млечни,
772,DMB масло 250г,,DMB,Мляко и млечни,
773,Davidoff кафе з.500г,,Davidoff,Кафе и чай,
774,Devin 5л/изворна,,Devin,Вода,
775,Devin Air газ.вода,,Devin,Вода,
776,Dolcepr. п. захар250,,Dolcepr,Основни храни,
777,Dr.Oetker в.захар8,,Dr,Основни храни,
778,Energizer PlusAAA,,Energizer,,
779,Event WC кърпи 60бр,,Event,,
780,FelicianaПица320г,,FelicianaПица320г,,
781,Fever Tree тоник,,Fever,,
782,FroschП-тСъд.2х750мл,,FroschП-тСъд,,
783,Granini ябълка 1л.,,Granini,Плодове и зеленчуци,
784,Gulsah лакочистител,,Gulsah,,
785,Harmonica мляко 2%,,Harmonica,Мляко и млечни,
786,"Harmonica мляко 3,6%",,Harmonica,Мляко и млечни,
787,Harmonica солети 50г,,Harmonica,Захарни и снакс,
788,Harmonica солети 60г,,Harmonica,Захарни и снакс,
789,Helios фиде 250 г,,Helios,,
790,K-Bio.Oризови.вафли,,K-bio,Захарни и снакс,
791,K-Fav Грана пад.150г,,K-fav,,
792,K-Fav. Barista 1 кг,,K-fav,,
793,K-Fav.Триполини,,K-fav,,
794,KLC Грах замр. 450 г,,KLC,Плодове и зеленчуци,
795,KLC Сладолед 16х50,,KLC,,
796,KLC крекер сол,,KLC,Захарни и снакс,
797,KLC кухн.харт.100м,,KLC,,
798,KLC нектар 330мл,,KLC,Напитки,
799,KLC нектар 750мл,,KLC,Напитки,
800,KLC шунка шварцв.100,,KLC,Месо и колбаси,
801,KLC.Дом.ръкавици.L,,KLC,,
802,"KLC.сироп.бъз.0,7л",,KLC,,
803,KLC.т.хар.4пл.160къс,,KLC,,
804,Kinder Maxi Mix 133г,,Kinder,Захарни и снакс,
805,KitKat MiniMix197.4г,,KitKat,,
806,Kартон.чaши с капаци,,Kартон,,
807,L&B.LED Декорация,,L&B,,
808,LAMARQUE PM-3209,,LAMARQUE,,
809,LBB Кашкавал 400г,,LBB,Сирене и кашкавал,
810,La Prov. обезк. бут,,La,Месо и колбаси,
811,La provincia филе,,La,Месо и колбаси,
812,Lays печен чипс 105г,,Lays,Захарни и снакс,
813,M-Салата Миста 250 г,,M-Салата,Плодове и зеленчуци,
814,Merci шокол.бонбон,,Merci,Захарни и снакс,
815,Milka какаов крем350,,Milka,Хляб и тестени,
816,Misko ризони500г,,Misko,,
817,Olympus КС 300г,,Olympus,,
818,Osram LED лампа,,Osram,,
819,"PAYSAN Бри 3,3кг",,PAYSAN,,
820,PassionataПрошуто,,PassionataПрошуто,Месо и колбаси,
821,Paw Patrol бонб.10г,,Paw,,
822,"Pfan. сок ябълка 0,2",,Pfan,Плодове и зеленчуци,
823,Pfanner ананас 1 л,,Pfanner,Плодове и зеленчуци,
824,Philadel.Крема 300г,,Philadel,Сирене и кашкавал,
825,Pom Bar снакс 18г,,Pom bar,Захарни и снакс,
826,Pringles паприка165г,,Pringles,,
827,Raffaelo T15 бонб.,,Raffaelo,Захарни и снакс,
828,Ristorante Салам,,Ristorante,Месо и колбаси,
829,Ristorante Специале,,Ristorante,,
830,Rois ядкиPremium150г,,Rois,Захарни и снакс,
831,Silver Angel Сов.,,Silver,,
832,Teo Rich Milk сапун,,Teo,Хигиена и козметика,
833,Thinkle Stars таблет,,Thinkle,,
834,Trisa четка за зъби,,Trisa,,
835,Tub-o-flo 500 мл,,Tub-o-flo,,
836,Tuborg пиво 1л,,Tuborg,,
837,Wet Hankies м.кърпи,,Wet,,
838,Zewa тоал.х-я 24бр,,Zewa,Хигиена и козметика,
839,bev.пяна.изм.250мл,,,,
840,Адана кебап смес,,Адана,,
841,Багета 415 г,,,Хляб и тестени,
842,Балони 6 Latex,,Балони,,
843,Бейби краставички,,Бейби,,
844,Био круши 450г,,,Плодове и зеленчуци,
845,Блендер 6 в 1,,Блендер,,
846,Боровинки 400 гр бр,,,Плодове и зеленчуци,1
847,Боровинки250гр,,Боровинки250гр,Плодове и зеленчуци,1
848,Бочко шампоан,,Бочко,Хигиена и козметика,
849,Брей! Бейби фефер320,,Брей,,
850,Брей! Яйца М10 своб.,,Брей,Яйца,
851,"ВВВ Кайсия 0,2",,ВВВ,,
852,"ВВВ Ябълка 0,2",,ВВВ,Плодове и зеленчуци,
853,ВВВ ябълка 1 л,,ВВВ,Плодове и зеленчуци,
854,Вакуумен екстракт.,,Вакуумен,,
855,Ведраре КС 400г,,Ведраре,,
856,Геврек сирене 100г,,Геврек,Сирене и кашкавал,
857,Горубл. Добр. 600,,Горубл,,
858,Гризини 230г,,Гризини,Захарни и снакс,
859,ДМ Пр.мл без лактоза,,ДМ,,
860,Дамски чорапи,,Дамски,Дом и бит,
861,Дет. чорапогащник,,Дет,,
862,Детски шноли,,Детски,,
863,"Диня кг 4,256 KG",,Диня,Плодове и зеленчуци,
864,Добруджа нар. 830,,Добруджа,,
865,Домaти селски кг,,Домaти,,
866,Дървени въглища,,Дървени,,
867,Ел Би Кашкавал,,Ел,Сирене и кашкавал,
868,Елена Краве сир.кг,,Елена,,
869,Елиаз хл.ръж 400г,,Елиаз,,
870,Ементалер кг,,Ементалер,,
871,Житeн път бискв.135г,,Житeн,,
872,Житен дарСухари125г,,Житен дар,Хляб и тестени,
873,Житен път бискв.330г,,Житен,,
874,Захарни пеперуди,,Захарни,Основни храни,
875,Здраве Бебе мляко,,Здраве,Мляко и млечни,
876,ИНКОМ Боб 500г,,ИНКОМ,Плодове и зеленчуци,
877,К-кт за оцветяване,,К-кт,,
878,К-кт ножове 4 бр.,,К-кт,,
879,Картонена купа,,Картонена,,
880,"Картофи чет 2,5кг бр",,,Плодове и зеленчуци,
881,Картофи четкани кг,,,Плодове и зеленчуци,
882,Касерола 18см,,Касерола,,
883,Кашкавалка 220г,,Кашкавалка,Сирене и кашкавал,
884,"Кашпа, бяла 14 см",,Кашпа,,
885,Кн.Зимнина,,,Дом и бит,
886,Кн.Как вълчето..,,,Дом и бит,
887,Компл. 3,,Компл,,
888,Краси майон.200гр,,Краси,,
889,Крекер прецел 35г,,Крекер,Захарни и снакс,
890,Крина ориз арборио,,Крина,Основни храни,
891,Кроки цар.Natural40г,,Кроки,Захарни и снакс,
892,Кръстев звезд 400,,Кръстев,,
893,Кутия PET 500 мл.,,Кутия,Дом и бит,
894,Ластици за коса,,Ластици,,
895,Лепило стик,,Лепило,,
896,Лимети бр,,Лимети,,
897,Лимони 4бр,,,Плодове и зеленчуци,
898,Малини 200 гр.,,,Плодове и зеленчуци,
899,Маркер за дъска,,Маркер,,
900,Маслини Стафидата,,Маслини,Плодове и зеленчуци,
901,Миникекс како 280 г,,Миникекс,Захарни и снакс,
902,Ная биск. класик190г,,Ная,,
903,Нишесте ванилия 60,,Нишесте,Основни храни,
904,Пад за опт. мишка,,Пад,,
905,Прот. шоко пудинг,,Прот,Основни храни,
906,"Пуешки гърди, 100г",,Пуешки,,
907,Пуешки обезк бут,,Пуешки,Месо и колбаси,
908,ПъпешДеликатесен,,ПъпешДеликатесен,Плодове и зеленчуци,
909,Роза 12 см,,Роза,,
910,Рулце чер пудинг145г,,Рулце,Основни храни,
911,Салам Бургас,,Салам,Месо и колбаси,
912,Салата Сезонна 250г,,Салата,Плодове и зеленчуци,
913,Салата валериана 40,,Салата,Плодове и зеленчуци,
914,Св.каре цяло парче,,Св,,
915,Св.ребра за печене,,Св,,
916,Свещи пастелни 12бр,,Свещи,Дом и бит,
917,"Сламки, 20см, 48бр.",,Сламки,,
918,Сол екстра 1 кг,,Сол,Основни храни,
919,Сомун 300г,,Сомун,,
920,София мел брашно2кг,,София,Основни храни,
921,Спианата Романа,,Спианата,,
922,"Ст.чай праск.1,5л",,Ст,Кафе и чай,
923,Суха мая 7 г,,Суха,,
924,Тава с дръжки,,Тава,,
925,Торби прахосм SA59A,,Торби,Дом и бит,
926,Флумастери 10 бр,,Флумастери,,
927,Фолиев балон 5,,Фолиев,,
928,Формички за сладки,,Формички,Плодове и зеленчуци,
929,Хим.сол босилек200,,Хим,Основни храни,
930,Хляб с лимец 400г,,,Хляб и тестени,
931,Хляб със семена470,,,Хляб и тестени,
932,Чери тримикс 400г,,Чери,Плодове и зеленчуци,
933,Чесън млечен кг,,Чесън,Мляко и млечни,
934,Четки за боядисван,,Четки,,
935,Чушки Долма кг,,,Плодове и зеленчуци,
936,Швепс Тоник 0.33,,Швепс,Напитки,
937,Шеф Месар Пил. филе,,Шеф,Месо и колбаси,
938,Щипки 4 бр.,,Щипки,,
939,Щора предно стъкло,,Щора,,
940,зърнена закуска 400г,,,Хляб и тестени,
941,фреш,,,,
942,царевично нишесте,,,Основни храни,
943,"LBB КM 3,6% БДС 400г",,LBB,,
944,Хляб протеинов250,,,Хляб и тестени,
945,Ел Би Проб.Кис.мляко,,Ел,Мляко и млечни,
946,Салата Фамилия 250гр,,Салата,Плодове и зеленчуци,
947,"ROSO пил.бут, кг",,ROSO,Месо и колбаси,
948,Домати Кумато кг,,,Плодове и зеленчуци,
949,Пастет Меченце,,Пастет,,
950,Fino торби 60л10бр,,Fino,Дом и бит,
951,K-Bio Краставица бр,,K-bio,Плодове и зеленчуци,
952,KGold.шунка.150г,,KGold,Месо и колбаси,
953,KLC пелети сол,,KLC,Основни храни,
954,Olympus Котидж 180г,,Olympus,,
955,"ROSO Пил.пържола, кг",,ROSO,,
956,Бор Чвор ПМ без лакт,,Бор,Мляко и млечни,
957,Боровинки 500гр бр,,,Плодове и зеленчуци,
958,Бочко сапун 75 гр,,Бочко,Хигиена и козметика,
959,"Каламат безкост, кг",,Каламат,,
960,Ккт за култивиране,,Ккт,,
961,Ципура чистена кг,,Ципура,,
962,CostaCRНесп.92г,,Costa,Кафе и чай,
963,Crema e Gusto250г,,CR,,
964,Dallmayr зърна 1кг,,Dallmayr,,
965,Danonino Pouch 70г,,Danonino,,
966,De Cecco Фусили 500,,De,,
967,Dolce сода бикар 225,,Dolce,,
968,Dr.Beckmann WC 20бр.,,Dr,,
969,Dr.Bеckmann M.Leaves,,Dr,,
970,Dr.Keskin п.хуск90г,,Dr,,
971,FM Буркан,,FM,,
972,Feliciana Маргарита,,Feliciana,,
973,Fino торби 60л15бр,,Fino,Дом и бит,
974,Helios макарони,,Helios,Основни храни,
975,IZZI ориз Балдо,,IZZI,Основни храни,
976,JacobsMonarch250г,,Jacobs,Кафе и чай,
977,K-Bio Грах 750 г,,K-bio,Плодове и зеленчуци,
978,K-Bio Домати мини,,K-bio,Плодове и зеленчуци,
979,K-fav.шунка,,K-fav,Месо и колбаси,
980,KLC ASC скариди,,KLC,Месо и колбаси,
981,KLC КМ 2% 400 г,,KLC,Мляко и млечни,
982,KLC Пудинг ван.200г,,KLC,Основни храни,
983,KLC попив.кърпа 5 бр,,KLC,Дом и бит,
984,KLC.безкоф.мл.250г,,KLC,,
985,Kit Kat бял 40 г,,Kit,,
986,Kotanyi пипер,,Kotanyi,Плодове и зеленчуци,
987,LU.Детска тениска,,LU,,
988,Lindt бонб.Pist.200г,,Lindt,Захарни и снакс,
989,Lindt бонбони 200гр,,Lindt,Захарни и снакс,
990,Lindt сърце 160 г,,Lindt,Захарни и снакс,
991,Loto натурал 45гр,,Loto,,
992,Mega Nuts снакс60г,,Mega,Захарни и снакс,
993,Milka КексчеCow 140г,,Milka,Захарни и снакс,
994,"Mirinda 0,33 л кен",,Mirinda,,
995,Monarch Топ.сирене,,Monarch,Сирене и кашкавал,
996,NUII Мултипак 255г,,NUII,,
997,NUII Мултипак 402г,,NUII,,
998,Naturella N.D.20бр,,Naturella,,
999,"Nesquik plus 13,5г",,Nesquik,,
1000,Nestle Lion 600г,,Nestle,,
1001,PassionataКапричоза,,PassionataКапричоза,,
1002,Pescado нахут 540 г,,Pescado,,
1003,Pezиграчка+2пълнит,,Pezиграчка+2пълнит,Дом и бит,
1004,Picantina бакпулвер,,Picantina,Основни храни,
1005,Queen`s Ананас,,Queen`s,Плодове и зеленчуци,
1006,"Rilana 1,5л 2 * 0,57",,Rilana,,
1007,Schogetten шоко 116г,,Schogetten,,
1008,Somat гел 114 изм.,,Somat,Дом и бит,
1009,Varta AA 5 бр.,,Varta,,
1010,Авокадо Едро бр,,,Плодове и зеленчуци,
1011,Белис трио 12см,,Белис,,
1012,Бисер олио 1 л,,Бисер,Основни храни,
1013,Бочко вл.Кърпи 120бр,,Бочко,,
1014,Брей! Точени кори,,Брей,,
1015,Букет хризантеми 5бр,,Букет,,
1016,"Велинград вода 0,5",,Велинград,Вода,
1017,Гума с острилка,,Гума,,
1018,Гюзел кори 400 г,,Гюзел,,
1019,Дерони клас горч 200,,Дерони,,
1020,Джоджен връзка бр.,,Джоджен,,
1021,Домати Адора 300г бр,,,Плодове и зеленчуци,
1022,Домати Албенга кг,,,Плодове и зеленчуци,
1023,Домати микс 500 гр,,,Плодове и зеленчуци,
1024,Елена КС ИО 500г,,Елена,,
1025,Елена КС шайби 400г,,Елена,,
1026,Еленко Кашкавал 400г,,Еленко,Сирене и кашкавал,
1027,К-кт за резници,,К-кт,,
1028,КЕНКренвирши320гр,,КЕНКренвирши320гр,,
1029,Картофено кюфте80г,,Картофено,Плодове и зеленчуци,
1030,Карфиол броколи 300г,,Карфиол,,
1031,Киви Голд 500г бр,,Киви,Плодове и зеленчуци,
1032,Кн. МРАВКИТЕ,,,Дом и бит,
1033,Кн. Мама,,,Дом и бит,
1034,Кн.Да поиграем навън,,,Дом и бит,
1035,Кн.Как жабчето Кваки,,,Дом и бит,
1036,Кн.Мозайки. Домашни,,,Дом и бит,
1037,Кн.Моят дядо,,,Дом и бит,
1038,Кн.Моята баба,,,Дом и бит,
1039,Контейнер за съхр.,,Контейнер,,
1040,Кус кус 500г,,Кус,,
1041,Лаврак чистен кг,,Лаврак,,
1042,Мащерка бр,,Мащерка,,
1043,Мини пици Прошуто,,Мини,Месо и колбаси,
1044,Млечен шоколад80гр,,Млечен,Мляко и млечни,
1045,Ная вафли 321г,,Ная,Захарни и снакс,
1046,Нишесте шоколад 60,,Нишесте,Напитки,
1047,Ноч. Био лешници 250,,Ноч,,
1048,Ориз екстра,,,Основни храни,
1049,Писалка Carotina,,Писалка,,
1050,Пица Специале 1kg,,Пица,,
1051,Портокали (кг),,Портокали,Плодове и зеленчуци,
1052,Пуешко месо за готв.,,Пуешко,Месо и колбаси,
1053,Роза 60см.,,Роза,,
1054,Роса Изворна вода,,Роса,Вода,
1055,Салата Дъбово листо,,Салата,Плодове и зеленчуци,
1056,Салата Хрупкав микс,,Салата,Плодове и зеленчуци,
1057,Сарми лозови постни,,Сарми,,
1058,Снак мляко,,Снак,Мляко и млечни,
1059,Средиземноморска 250,,Средиземноморска,,
1060,Уред за гладене,,Уред,,
1061,Фасул зелен,,Фасул,Плодове и зеленчуци,
1062,Фурма без кост.350г,,Фурма,,
1063,"Хляб,600гр",,,Хляб и тестени,
1064,Хоризонт L6 подови,,Хоризонт,Основни храни,
1065,Чай Билкана 30 гр,,,Кафе и чай,
1066,брашно от лимец пъл.,,,Основни храни,
1067,АВОКАДО МРЕЖА,,,Плодове и зеленчуци,
1068,"БИО КИСЕЛО МЛЯКО 3,6",,,Мляко и млечни,
1069,ДЕТ.ПОТНИЦИ 1198-1 0486965,,ДЕТ,,
1070,"ОГУМРИЗ ПР.МЛЯКО 3,7",,ОГУМРИЗ,Мляко и млечни,
1071,ЧЕРИ ДОМАТИ 250Г.,,ЧЕРИ,Плодове и зеленчуци,
1072,БИО ОВЕСЕНИ ЯДКИ,,,Захарни и снакс,
1073,БИСКВИТИ ЗАКУСКА,,БИСКВИТИ,Хляб и тестени,
1074,БРЮКСЕЛСКО ЗЕЛЕ 5БддГ,,БРЮКСЕЛСКО,Плодове и зеленчуци,
1075,ВАКМТ С ШОК. ПЪЛНЕЖ,,ВАКМТ,,
1076,ВИСОКОПРОТ.МУС ВАНИЛ,,ВИСОКОПРОТ,Напитки,
1077,ВОСНКО АНТИБАК. КЪР.,,ВОСНКО,,
1078,ГУЛАШ ОТ СВИНСКИ БУТ,,ГУЛАШ,Месо и колбаси,
1079,ДАМСКИ КЛИН М 0495797,,ДАМСКИ,,
1080,ЗАХАРНА ПОРЪСКА БЯЛ,,ЗАХАРНА,Основни храни,
1081,ЗСНИЕРРЕЗ СОДА ВОДА,,ЗСНИЕРРЕЗ,Вода,
1082,КАПСУЛИ СКЕМА ЕСИЗТО,,КАПСУЛИ,Кафе и чай,
1083,КРАСТАВИЦИ ЗА БР.,,,Плодове и зеленчуци,
1084,"КРАСТАВИЦИ, МИНИ НА",,,Плодове и зеленчуци,
1085,КРЕМ СИРЕНЕ,,,Сирене и кашкавал,
1086,КТМОЕВ МАХТ ЯЙЦЕ,,КТМОЕВ,Яйца,
1087,КУХНЕНСКА ХАРТИЯ,,КУХНЕНСКА,Дом и бит,
1088,МЕЗРКЕЗ5О КАПС.КОЗЗА,,МЕЗРКЕЗ5О,,
1089,"ОЕУТМ ИЗВ.ВОДАбХ1, 8",,ОЕУТМ,Вода,
1090,ОХЛАДЕНА СЬОМГА ФИЛЕ,,ОХЛАДЕНА,Месо и колбаси,
1091,ПРОТ. ПУДИНГ ЛЕШНИК,,ПРОТ,Захарни и снакс,
1092,ПРЯСНО ПУЕШ.БОН ФИЛЕ,,ПРЯСНО,Месо и колбаси,
1093,ПРЯСНО СИРЕНЕ КОТИДЖ,,ПРЯСНО,Сирене и кашкавал,
1094,СВИНСКИ ГЪРДИ С КОСТ,,СВИНСКИ,Месо и колбаси,
1095,СКИР НАТУРАЛЕН,,СКИР,,
1096,СНАКС МИКС 250 Г,,СНАКС,Захарни и снакс,
1097,СПЕЦ. СОЛ СЪДОМИЯЛНА,,СПЕЦ,Основни храни,
1098,ЦЕДЕНО КИС.МЛЯКО 1096,,ЦЕДЕНО,Мляко и млечни,
1099,"ЦИПУРА ЦЯЛА, ИЗЧИСТЕН",,ЦИПУРА,,
1100,ЧЕДЪР,,ЧЕДЪР,,
1101,ЧЕРВ. ЯБЪЛКИ АЙДАРЕД,,ЧЕРВ,Плодове и зеленчуци,
1102,ЧУШКИ 2 ЦВЯТА 5д0г,,,Плодове и зеленчуци,
1103,BARNI С ШОК. ПЪЛНЕЖ,,Barni,Захарни и снакс,
1104,NESPRESSO КАПС.КОЗЗА,,NESPRESSO,Кафе и чай,
1105,"OLYMPUS ПР.МЛЯКО 3,7",,Olympus,Мляко и млечни,
1106,SCHWEPPES СОДА ВОДА,,Schweppes,Вода,
1107,КАПСУЛИ СКЕМА EGUSTO,,КАПСУЛИ,Кафе и чай,
1108,KPOACAH НУГА ПЪЛНЕЖ,,KPOACAH,,
1109,БИО НАТУРАЛЕН ЙОГУРТ,,,Мляко и млечни,
1110,ПРЕСЕН ЛУК,,ПРЕСЕН,Плодове и зеленчуци,
1111,СЕЛСКО ХЛЕБЧЕ,,СЕЛСКО,,
1112,МИНИ ПЪРЛЕНКА,,МИНИ,Хляб и тестени,
1113,LAVAZZA QUALITA ROSS,,Qualita,Кафе и чай,
1114,БИО ЯЙЦА РАЗМЕР М,,,Яйца,
1115,БРИОШ КИФЛИЧКИ ШОК.,,БРИОШ,,
1116,КАШКАВАЛ ВИТОША БДС,,,Сирене и кашкавал,
1117,АСТТУТА НАТУРАЛНА,,АСТТУТА,,
1118,ПИТКИ БРИОШ С Ч. ШОК,,ПИТКИ,,
1119,ПР. ПИЛ. БУТЧЕ ROSO,,ПР,Месо и колбаси,
1120,COCA COLA REG. KEH,,Coca cola,Напитки,
1121,БИО БАНАНИ,,,Плодове и зеленчуци,
1122,ГРАДИНСКА САЛАТА,,ГРАДИНСКА,Плодове и зеленчуци,
1123,КАРНАЧЕ СТ. ПЛ.,,КАРНАЧЕ,,
1124,"ПЕЧЕНА ШУНКА, НАР.",,ПЕЧЕНА,Месо и колбаси,
1125,СЬОМГА МАРИН. БИЛКИ,,СЬОМГА,Месо и колбаси,
1126,BOCHKO АНТИБАК. КЪР.,,Bochko,,
1127,KPOACAH С МАСЛО 27%,,KPOACAH,Мляко и млечни,
1128,АВОКАДО ЗА БР.,,,Плодове и зеленчуци,
1129,БИО ЯЙЦА РАЗМ. | 6BP,,,Яйца,
1130,БЯЛ ХЛЯБ НАРЯЗАН,,БЯЛ,Хляб и тестени,
1131,КАШКАВАЛ ОТ КРАВЕ МЛ,,,Сирене и кашкавал,
1132,НАЙЛОНОВА ТОРБИЧКА,,НАЙЛОНОВА,Дом и бит,
1133,ПР. ЦЯЛО ПИЛЕ ROSO,,ПР,Месо и колбаси,
1134,ПУКАНКИ СЪС СОЛ,,ПУКАНКИ,Захарни и снакс,
1135,ПЪРЛЕНКА TK 6 Х 1606,,ПЪРЛЕНКА,Хляб и тестени,
1136,ЦИПУРА ОХЛ ИЗЧИСТЕНА,,ЦИПУРА,,
1137,ЧЕРВ. КРУШИ,,ЧЕРВ,Плодове и зеленчуци,
1138,"BIO PAPRIKA ROT, SPITZ",,BIO,,
1139,АЛКАЛНИ БАТЕРИИ AAA,,АЛКАЛНИ,Дом и бит,
1140,ЗЕЛЕНИ АСПЕРЖИ 5д0Г,,ЗЕЛЕНИ,Плодове и зеленчуци,
1141,ЗЛАТ ДОБРУД СОЛЕТИ К,,ЗЛАТ,Захарни и снакс,
1142,КАЙМА 60/40 СТ.ПЛАН.,,,Месо и колбаси,
1143,ЛАЛЕТА 7BP.,,ЛАЛЕТА,,
1144,ЛИМОНИ 5Б58ЮГ МРЕЖА,,,Плодове и зеленчуци,
1145,НЕМСКА ШУНКА,,,Месо и колбаси,
1146,ОХЛЮВЧЕ СЪС СТАФИДИ,,ОХЛЮВЧЕ,,
1147,РЕПИЧКИ 250 Г ОПАК.,,РЕПИЧКИ,Плодове и зеленчуци,
1148,ХИГИЕНЕН СПРЕЙ РЪЦЕ,,ХИГИЕНЕН,,
1149,ЧЕРЕШИ 500 Г,,ЧЕРЕШИ,,
1150,2НТУМЕМАПРОТЕИНОВ ХЛ.,,,,
1151,ACTIVIA МЮСЛИ OB/OP.,,Activia,,
1152,"DEVIN U3B.BOfA6X1, 8L",,Devin,,
1153,"DEVIN ИЗВ.ВОДАбХ1, 8L",,Devin,Вода,
1154,PO3. ДОМАТИ,,PO3,Плодове и зеленчуци,
1155,POMBAR ОРИГИНАЛ,,POMBAR,,
1156,АВОКАДО ЗБР.,,,Плодове и зеленчуци,
1157,АЛУМИНИЕВО ФОЛИО,,АЛУМИНИЕВО,Основни храни,
1158,АСТТУТА МЮСЛИ ОВ/ОР.,,АСТТУТА,,
1159,БАГЕТА ФРЕНСКА РЕЦ.,,,Хляб и тестени,
1160,БИО АВОКАДО 2 БР.,,,Плодове и зеленчуци,
1161,БИО ЛИМОНИ,,,Плодове и зеленчуци,
1162,БИО ПЛ.МУС ЯБ.БАН.,,,,
1163,БИСКВИТИ БЯЛ ШОК/ЛИМ,,БИСКВИТИ,Захарни и снакс,
1164,"ВЕРЕЯ КИС. МЛЯКОЗ , 6%",,Верея,Мляко и млечни,
1165,ВЕРЕЯ ПР. МЛЯКО 3%,,Верея,Мляко и млечни,
1166,ГЕРБЕРИ БУКЕТ,,ГЕРБЕРИ,,
1167,ДЕТ.ПОТНИЦИ 118-1,,ДЕТ,,
1168,ДЕТСКА КНИГА КА,,ДЕТСКА,,
1169,ДЕТСКА КНИЖКА,,ДЕТСКА,Дом и бит,
1170,ДИЛАЙТ BAP МАНГО,,ДИЛАЙТ,,
1171,ЗЕЛЕНИ ЧУШКИ,,ЗЕЛЕНИ,Плодове и зеленчуци,
1172,ЙОГУРТ ПРАСКОВА,,ЙОГУРТ,Мляко и млечни,
1173,КАЙМА CMEC 60/40,,,Месо и колбаси,
1174,КАТ. 19 ДЕТСКА К,,КАТ,,
1175,КРАВЕ СИРЕНЕ БДС МАД,,КРАВЕ,Сирене и кашкавал,
1176,КЪДРАВА САЛАТА ЗА БР,,КЪДРАВА,Плодове и зеленчуци,
1177,МИКС ЗА СУПА 650 G,,МИКС,,
1178,МЛ. ДЕСЕРТ ВИШНА,,МЛ,Захарни и снакс,
1179,"МЛЯНО МЕСО CMEC, Бд0Г",,,Месо и колбаси,
1180,МУШКАТО РЕПЕЛЕНТ,,МУШКАТО,,
1181,ОРИЗ. ВАФЛИ ХИМ. СОЛ,,,Захарни и снакс,
1182,ПАРМИДЖАНО РИДЖАНО Н,,ПАРМИДЖАНО,,
1183,ПЕЧЕНО СВИНСКО ФИЛЕ,,ПЕЧЕНО,Месо и колбаси,
1184,"ПЛ.БАРЧЕ КРУША, BAHAH",,ПЛ,Плодове и зеленчуци,
1185,ПЛОД .ЗАКУСКА ЯБ/КРУШ,,ПЛОД,Хляб и тестени,
1186,ПЛОД.ЗАКУСКА МАНГО,,ПЛОД,Хляб и тестени,
1187,ПОПИВАТЕЛНИ КЪРПИ,,ПОПИВАТЕЛНИ,,
1188,ПРЕСЕН ПИЛ.ЧЕР. ДРОБ,,ПРЕСЕН,,
1189,ПРИНАДЛЕЖНОСТИ,,ПРИНАДЛЕЖНОСТИ,,
1190,ПРЯСНО ПИЛ.ФИЛЕ ROSO,,ПРЯСНО,Месо и колбаси,
1191,РЕПИЧКИ ВРЪЗКА,,РЕПИЧКИ,Плодове и зеленчуци,
1192,ТАМПОНИ НОРМАЛ,,ТАМПОНИ,,
1193,ТЕЧНОСТ ЗА ПОЧ. РЪЦЕ,,ТЕЧНОСТ,,
1194,ТОАЛЕТНА ХАРТИЯ 12BP,,ТОАЛЕТНА,Хигиена и козметика,
1195,ТОРБА ТЕРМО 80% PEL.,,,Дом и бит,
1196,5 БР. ДЕТСКИ ЧЕ,,,,
1197,ACTIVIA HATYPAJIHA,,Activia,,
1198,ACTIVIA МЮСЛИ ЯГОДИ,,Activia,Плодове и зеленчуци,
1199,AHAHAC 3A BP.,,AHAHAC,,
1200,BOB НАСИПЕН,,BOB,,
1201,BOCHKO АНТИБАК. KbP.,,Bochko,,
1202,CHOCO ДИЛ.БАР ФЪСТЪК,,CHOCO,Захарни и снакс,
1203,CLEAN АНТИБАКТ. ВЛАЖ,,CLEAN,,
1204,CNAHAK 300 Г,,CNAHAK,,
1205,COLGATE ПЗ TRIPLE,,Colgate,Хигиена и козметика,
1206,CORONA BUPA,,CORONA,,
1207,COSTA 100% ARABICA M,,Costa,Кафе и чай,
1208,CYPOB BAP KAKAO,,CYPOB,,
1209,DEUTSCHE MARKENBUTTE,,DEUTSCHE,,
1210,DOVE САПУН ОРИГИНАЛ,,Dove,Хигиена и козметика,
1211,HECECEP,,HECECEP,,
1212,JIMMOHU,,JIMMOHU,,
1213,KINDER MAXI ЯЙЦЕ,,Kinder,Яйца,
1214,KPOACAH НУГА ПЪЛ. ЛЕШ,,KPOACAH,,
1215,KRINA ОРИЗ РИЗОН,,Krina,Основни храни,
1216,LAVAZZA QUALITAR.2+1,,Qualita,Кафе и чай,
1217,MEAT REV ARG.RIBEYE,,MEAT,,
1218,MEHTA 25 Г ОПАКОВКА,,MEHTA,,
1219,MET. OBPA30BAT.,,MET,,
1220,MILDE ТОАЛ XAP. 32+8,,MILDE,Хигиена и козметика,
1221,MOPKOBU,,MOPKOBU,,
1222,NACTET МЕЧЕНЦЕ,,NACTET,,
1223,NESCAFE КЛАСИК 1006,,Nescafe,Кафе и чай,
1224,NEYEHA WYHKA,,NEYEHA,,
1225,ORBIT WINTERFRESH,,ORBIT,,
1226,"TEYEH САП.ПЪЛН., АЛОЕ",,TEYEH,,
1227,TUKBUYKU,,TUKBUYKU,,
1228,VEREYA ПРЯСНО МЛЯКО,,VEREYA,Мляко и млечни,
1229,АКОМАТА КАРТ. ЧАШИ,,АКОМАТА,,
1230,АКСЕСОАРИ ЗА КО,,АКСЕСОАРИ,,
1231,АСТРИ БУКЕТ,,АСТРИ,,
1232,АСТТУТА МЮСЛИ ЯГОДИ,,АСТТУТА,Плодове и зеленчуци,
1233,БАГЕТА ПО ФР. РЕЦЕПТА,,,Хляб и тестени,
1234,БАДЕМИ ФИЛИРАНИ,,БАДЕМИ,,
1235,БЕЙБИ САЛАТИ МИКС,,БЕЙБИ,Плодове и зеленчуци,
1236,БИО КУРКУМА 8@ Г,,,,
1237,БИО МАНДАРИНИ 5eer,,,,
1238,БИО ПОРТОКАЛИ ТКГ.,,,Плодове и зеленчуци,
1239,БИО РООБАР МАНГО,,,Захарни и снакс,
1240,БИО СЛАДКА ЦАРЕВИЦА,,,,
1241,БИО ЧЕРВЕНИ ЯБ.бдОГ,,,,
1242,БРОКОЛИ 500 Г,,БРОКОЛИ,,
1243,ВАКТ ГА МАКАРОНИ,,ВАКТ,Основни храни,
1244,ВАКТ ГА ПАСТА БОСИЛЕ,,ВАКТ,Основни храни,
1245,"ВЕРЕЯ КИС. МЛЯКО4, 5%",,Верея,Мляко и млечни,
1246,ВЛАЖНИ КЪРПИЧКИ,,ВЛАЖНИ,Хигиена и козметика,
1247,ВТОЗЕТ КАНЕЛА МЛЯНА,,ВТОЗЕТ,,
1248,ГАЗ. МИНЕРАЛНА ВОДА,,ГАЗ,Вода,
1249,ГАУДА НАРЯЗАН,,ГАУДА,Сирене и кашкавал,
1250,ГЕЛ ЗА СЪДОМ.БЕЗ ФОС,,ГЕЛ,,
1251,ГРАДИНСКИ ПИСТО,,ГРАДИНСКИ,,
1252,ГРАНА ПАДАНО НАСТЪРГ,,ГРАНА,,
1253,ГЪБА ЗА СЪДОВЕ,,ГЪБА,Дом и бит,
1254,ДАМСКА ТЕНИСКА,,ДАМСКА,,
1255,ДЕЛ. ВАРЕНА ШУНКА,,ДЕЛ,Месо и колбаси,
1256,ДЕТ.ЖИЛЕТКА 118 1,,ДЕТ,,
1257,ДЕТ.СКИ РЪКАВИЦИ,,ДЕТ,,
1258,ДЕТСКА 3AH. KHU,,ДЕТСКА,,
1259,ДЕТСКА ПАСТА ЯГОДА,,ДЕТСКА,Плодове и зеленчуци,
1260,ДЕТСКА ПИЖАМА 8,,ДЕТСКА,,
1261,ДЕТСКИ БАНСКИ 8,,ДЕТСКИ,,
1262,ДЕТСКИ ГАЩЕРИЗО,,ДЕТСКИ,,
1263,ДЕТСКИ СУИТШЪРТ,,ДЕТСКИ,,
1264,ДЕТСКО ЯКЕ 98,,ДЕТСКО,,
1265,ДЖИНДЖИФИЛ HA КГ,,ДЖИНДЖИФИЛ,,
1266,ДЗ ЗЕМЕЛ 12X63G,,ДЗ,Хляб и тестени,
1267,ДИЛАЙТ БАР МАНГО,,ДИЛАЙТ,Захарни и снакс,
1268,"ДОМ, РОЗ.СЕЛСКИ HA КГ",,ДОМ,,
1269,ДОМ. РОМА НА КЛОНКА,,ДОМ,,
1270,ДОМАТЕН СОС OT СИЦИЛ,,ДОМАТЕН,Плодове и зеленчуци,
1271,ДОМАТЕН СОС НАПОЛ.,,ДОМАТЕН,Плодове и зеленчуци,
1272,ДОМАТЕНО ПЮРЕ,,ДОМАТЕНО,Плодове и зеленчуци,
1273,ДЪВКИ JPAKETAMENTHOL,,ДЪВКИ,,
1274,ДЪРВ. ЯЙЦЕ+ФЛУМ,,ДЪРВ,Яйца,
1275,ДЪСКИ ЗА РЯЗАНЕ,,ДЪСКИ,,
1276,ЖИВА ДЖЕНТЕЛИНА,,ЖИВА,,
1277,ЗАКУСКА СОЛЕН КАРАМЕ,,ЗАКУСКА,Хляб и тестени,
1278,ЗАНИМ. КНИЖКА K' '@,,ЗАНИМ,Дом и бит,
1279,ЗАНИМАТЕЛНА KHU,,ЗАНИМАТЕЛНА,,
1280,ЗАНИМАТЕЛНИ КНИГИ,,ЗАНИМАТЕЛНИ,,
1281,ЗАРЯДНО YCTP-BO,,ЗАРЯДНО,,
1282,ЗЕЛ. ЧУШКИ,,ЗЕЛ,Плодове и зеленчуци,
1283,ЗЕЛЕН БОБ,,ЗЕЛЕН,Плодове и зеленчуци,
1284,ЗЕЛЕН ЧАЙ ПИРАМ.ЖАСМ,,ЗЕЛЕН,Плодове и зеленчуци,
1285,ИТАЛ. ПИЦА ПРОШУТО,,ИТАЛ,Месо и колбаси,
1286,ЙОГУРТ Г. ПЛОД,,ЙОГУРТ,Мляко и млечни,
1287,ЙОГУРТ ЧЕРЕША,,ЙОГУРТ,Мляко и млечни,
1288,К-КТ ДЕТСКИ ПРИ,,К-КТ,,
1289,КАЙЗЕР ЗЕМЕЛ БЯЛ,,КАЙЗЕР,Хляб и тестени,
1290,КАЙМА ОТ МЛ. ТЕЛЕШКО,,,Месо и колбаси,
1291,КАРНАЧЕ OT МЛАДО ТЕЛ,,КАРНАЧЕ,,
1292,КАША ЯБ /БАН/СУХАР,,КАША,Хляб и тестени,
1293,КЕБАПЧЕ 60/40 СТ.ПЛ.,,КЕБАПЧЕ,,
1294,"КИС. МЛЯКО 3,646 БДС",,КИС,Мляко и млечни,
1295,КИСЕЛО МЛЯКО 2% БДС,,КИСЕЛО,Мляко и млечни,
1296,"КИСЕЛО МЛЯКО 2,256",,КИСЕЛО,Мляко и млечни,
1297,КНИГА KAT. 29,,КНИГА,,
1298,КОРИ ЗА ЛАЗАНЯ,,КОРИ,,
1299,КОРНИШОНИ,,КОРНИШОНИ,,
1300,КРАВЕ СИРЕНЕ ОТ СОБС,,КРАВЕ,Сирене и кашкавал,
1301,КРОАСАН С МАСЛО 27%,,,Мляко и млечни,
1302,КРОАСАН С ШАМФЪСТЪК,,,Хляб и тестени,
1303,КРОКАНТИНИ С НАТ. ШОК,,КРОКАНТИНИ,,
1304,КУХНЕНСКИ ПОМОЩ,,КУХНЕНСКИ,,
1305,КЪРПИЧКИ ЗА КОЖА,,КЪРПИЧКИ,Хигиена и козметика,
1306,ЛАЛЕТА 7БР.,,ЛАЛЕТА,,
1307,ЛЕШНИЦИ ПЕЧЕНИ,,ЛЕШНИЦИ,,
1308,ЛЕЩА,,ЛЕЩА,Плодове и зеленчуци,
1309,ЛИМЕТИ ЗА BP.,,ЛИМЕТИ,,
1310,ЛИМОНИ 5БВЮГ МРЕЖА,,,Плодове и зеленчуци,
1311,ЛИМОНЧИНО,,ЛИМОНЧИНО,Плодове и зеленчуци,
1312,ЛУКАНКА CLEAN LABEL,,ЛУКАНКА,Месо и колбаси,
1313,"ЛУКАНКА, НАРЯЗАНА",,ЛУКАНКА,Месо и колбаси,
1314,М.КЕМ. АРЖ.ГР.БУРГЕР,,М,,
1315,МЕДЕНКИ С МЛ. ШОКОЛАД,,МЕДЕНКИ,Напитки,
1316,МЕКЕУА ПРЯСНО МЛЯКО,,МЕКЕУА,Мляко и млечни,
1317,МЕТЕОРОЛ. CTAHL|,,МЕТЕОРОЛ,,
1318,МИНИ ВАФЛЕНИ КОНУСИ,,МИНИ,Захарни и снакс,
1319,МЛ. ДЕСЕРТ МАЛИНА,,МЛ,Плодове и зеленчуци,
1320,МЛ. ДЕСЕРТ ЯГОДА,,МЛ,Плодове и зеленчуци,
1321,МОРТАДЕЛА С ШАМФЪСТЪ,,МОРТАДЕЛА,,
1322,МОЦАРЕЛА ЛАЙТ,,МОЦАРЕЛА,Сирене и кашкавал,
1323,НАЙЛОНОВА TOPBA,,НАЙЛОНОВА,,
1324,НАРЯЗАНИ ДОМАТИ,,НАРЯЗАНИ,Плодове и зеленчуци,
1325,НЕКТАР МАРАКУЯ 25%,,НЕКТАР,Напитки,
1326,НОСНИ КЪРПИ ЗП. тдхтд,,НОСНИ,Хигиена и козметика,
1327,ОЕУТМ АТК М.ГАЗ.ВОДА,,ОЕУТМ,Вода,
1328,ОРИГ. ФРЕНСКА БАГЕТА,,ОРИГ,Хляб и тестени,
1329,ОТАМАМТ БЯЛА ЗАХАР,,ОТАМАМТ,Основни храни,
1330,ОХЛАДЕН 3AEK,,ОХЛАДЕН,,
1331,"ПАСТА РИКОТА, СПАНАК",,,Плодове и зеленчуци,
1332,ПАЧИ КРАК,,ПАЧИ,,
1333,ПИЦА С ЧОРИЗО,,ПИЦА,Основни храни,
1334,ПЛ. ПЮРЕ ЯБ./ПРАСК.,,ПЛ,Бебешко,
1335,"ПЛ.БАРЧЕ КРУША, БАНАН",,ПЛ,Плодове и зеленчуци,
1336,"ПЛ.БАРЧЕ ЯБЪЛКА ,БАН.",,ПЛ,Плодове и зеленчуци,
1337,ПЛИКОВЕ ЗА 3AMPA3. 1/51,,ПЛИКОВЕ,,
1338,ПЛОД .ЗАКУСКА ЯГОДА,,ПЛОД,Хляб и тестени,
1339,ПЛОД. БАРЧЕ С АРОНИЯ,,ПЛОД,Захарни и снакс,
1340,ПОДЛОЖКИ ЗА ПОВИВАНЕ,,ПОДЛОЖКИ,,
1341,ПОДПРАВКИ В САКСИЯ,,ПОДПРАВКИ,Основни храни,
1342,ПОНИЧКА С ПЛ. ПЪЛНЕЖ,,ПОНИЧКА,Хляб и тестени,
1343,ПОЧИСТВ. СПРЕЙ БАНЯ,,ПОЧИСТВ,,
1344,ПРЕП. ЗА OTM. КАНАЛИ,,ПРЕП,,
1345,ПРЕП. ЗА СЪД.ЧАЕНО Д,,ПРЕП,,
1346,ПРЕСНИ ПАПАРДЕЛЕ,,ПРЕСНИ,,
1347,ПРЕСНИ ТАЛИАТЕЛИ,,ПРЕСНИ,,
1348,ПРИБОРИ ЗА FPUN,,ПРИБОРИ,,
1349,ПРОДУКТИ УСТНА ХИГ.,,ПРОДУКТИ,,
1350,ПРЯСНА ПАСТА,,ПРЯСНА,Основни храни,
1351,ПРЯСНО NW. БУТЧЕ,,ПРЯСНО,Месо и колбаси,
1352,ПРЯСНО ПИЛ.ФИЛЕ КОЗО,,ПРЯСНО,Месо и колбаси,
1353,ПРЯСНО ПИЛЕШКО БЕДРО,,ПРЯСНО,Месо и колбаси,
1354,ПРЯСНО ПИЛЕШКО ФИЛЕ,,ПРЯСНО,Месо и колбаси,
1355,ПРЯСНО СИРЕНЕ ЛАЙТ,,ПРЯСНО,Сирене и кашкавал,
1356,ПЪПЕШ КАНТАЛУП,,ПЪПЕШ,Плодове и зеленчуци,
1357,ПЪРЛЕНКА ТК 6 Х 1686,,ПЪРЛЕНКА,Хляб и тестени,
1358,РОЗ. ДОМАТИ,,РОЗ,Плодове и зеленчуци,
1359,РОЗ. ЯБЪЛКИ,,РОЗ,Плодове и зеленчуци,
1360,РОЗОВИ ЯБЪЛКИ ТКГ,,РОЗОВИ,Плодове и зеленчуци,
1361,РУКОЛА,,РУКОЛА,Напитки,
1362,САЛАТА БУЛГУР/ПОДПР.,,САЛАТА,Плодове и зеленчуци,
1363,САЛАТА ДЖЕНТИЛИНА,,САЛАТА,Плодове и зеленчуци,
1364,САЛАТА КУСКУС / ЧУШКА,,САЛАТА,Плодове и зеленчуци,
1365,САЛФЕТКИ ЕДНОПЛ.,,,Дом и бит,
1366,САЛФЕТКИ С МОТИВИ,,,Дом и бит,
1367,САРКТСЕ ПУРИЧКИ,,САРКТСЕ,Кафе и чай,
1368,СВИН. ВРАТ БЕЗ КОСТ,,СВИН,,
1369,СВИНСКА КАЙМА,,СВИНСКА,Месо и колбаси,
1370,СВИНСКИ ВРАТ С КОСТ,,СВИНСКИ,Месо и колбаси,
1371,"СВИНСКИ ВРАТ, НАРЯЗ.",,СВИНСКИ,Месо и колбаси,
1372,СВИНСКО ФИЛЕ НАРЯЗАН,,,Месо и колбаси,
1373,СГЪВАЕМ ГРАД. Y,,СГЪВАЕМ,,
1374,СИЛИКОНОВ СПРЕЙ,,СИЛИКОНОВ,,
1375,СИРЕНЕ BYPATA,,,Сирене и кашкавал,
1376,СЛЪНЦЕЗАЩИТНО ОЛИО,,СЛЪНЦЕЗАЩИТНО,Основни храни,
1377,СЛЪНЧОГЛЕДОВО ОЛИО,,СЛЪНЧОГЛЕДОВО,Основни храни,
1378,СОДА BUKAPBOHAT,,СОДА,,
1379,СОС СИЦИЛИАНА,,СОС,,
1380,СОСА СОГА КЕС. КЕН,,СОСА,,
1381,СПАГЕТИ ТРИКОЛОРЕ,,СПАГЕТИ,Основни храни,
1382,СПАНАК 500 Г ПЛИК,,СПАНАК,Плодове и зеленчуци,
1383,СПАНАК 5090 Г ПЛИК,,СПАНАК,Плодове и зеленчуци,
1384,СПРЕЙ ОЦЕТ ТЪМЕН,,СПРЕЙ,Основни храни,
1385,СУРОВА ЕДР. НАДЕНИЦА,,СУРОВА,Месо и колбаси,
1386,СУХА ПАСТА КАКАО,,СУХА,Основни храни,
1387,СУХИ ПАСТИ МЛЯКО,,СУХИ,Мляко и млечни,
1388,СЬОМГА МАРИН. ЧЕСЪН,,СЬОМГА,Месо и колбаси,
1389,СЬОМГА ФИЛЕ БЕЗ КОЖА,,СЬОМГА,Месо и колбаси,
1390,ТАМПОНИ СУПЕР,,ТАМПОНИ,,
1391,ТЕЛ. СТЕК АЛАМИНУТ,,ТЕЛ,Месо и колбаси,
1392,ТИКВЕНО СЕМЕ ПЕЧЕНО,,ТИКВЕНО,,
1393,ТОАЛЕТНА ХАРТИЯ 4 ПЛ,,ТОАЛЕТНА,Хигиена и козметика,
1394,"ФАГРИ, ИЗЧИСТЕНО",,ФАГРИ,,
1395,ФЕРМЕРСКИ ХЛЯБ,,ФЕРМЕРСКИ,Хляб и тестени,
1396,ФИТНЕС ПРИНАДЛ.,,ФИТНЕС,,
1397,ФЛУМАСТРИ 3BP.' '@,,ФЛУМАСТРИ,,
1398,ФРЕЗИИ - БУКЕТ,,ФРЕЗИИ,,
1399,ХАРТИЯ ЗА ПЕЧЕНЕ,,,Дом и бит,
1400,ЦВЕТНИ МОЛИВИ 3,,ЦВЕТНИ,,
1401,ЧЕРВ. КАМБИ,,ЧЕРВ,,
1402,ЧЕРВ. ЛУК,,ЧЕРВ,Плодове и зеленчуци,
1403,ЧЕРВ. ЧУШКИ,,ЧЕРВ,Плодове и зеленчуци,
1404,ЧЕРВ.ГРОЗДЕ Б. СЕМКИ,,ЧЕРВ,Плодове и зеленчуци,
1405,ЧЕРИ ДОМАТИМИКС ЗадГ,,ЧЕРИ,Плодове и зеленчуци,
1406,ЧЕРИ НА КЛОНКА БддГ,,ЧЕРИ,Плодове и зеленчуци,
1407,ЧЕТКА ЗА ЗЪБИ КЛАС М,,ЧЕТКА,,
1408,ЧЕТКА ЗА ЗЪБИ МЕКА,,ЧЕТКА,,
1409,ЧЕТКАН КАРТОФ HA КГ,,ЧЕТКАН,Плодове и зеленчуци,
1410,ЧИПС ЦАРЕВ. МОР. СОЛ,,ЧИПС,Захарни и снакс,
1411,ЧУШКИ 3 ЦВЯТА 5БддГ,,,Плодове и зеленчуци,
1412,ШВАРЦВАЛДСКА ШУНКА,,ШВАРЦВАЛДСКА,Месо и колбаси,
1413,ЪГЛОШЛАЙФ,,ЪГЛОШЛАЙФ,,
1414,ЯГОДИ 5Бд0Г ТАРЕЛКА,,,Плодове и зеленчуци,
1415,"а, 9880 x",,,,
