raw_name,canonical_name,product_id
Торбичка Кауфланд,Торбичка Кауфланд,1
"Торбичка Кауфланд, ч",Торбичка Кауфланд,1
Закуска с клен.сироп,Закуска с клен.сироп,2
"Devin 1,8 Мултипак","Devin 1,8 Мултипак",3
Кроасан нуга,Кроасан нуга 90г,4
Кроасан нуга 90г,Кроасан нуга 90г,4
"Olympus Био ПМ 3,7%","Olympus Био ПМ 3,7%",5
Olympus Цедено10%350,Olympus Цедено10%350,6
Активиа натур.280г,Активиа натур.280г,7
"Балкан Био КМ 3,6%","Балкан Био КМ 3,6%",8
"Perrier вода 0,33л","Perrier вода 0,33л",9
Балкан БиоКМ 2% 400г,Балкан БиоКМ 2% 400г,10
"Ведраре КМ 3,6% 400г","Ведраре КМ 3,6% 400г",11
Хляб добруджа350гр,Хляб добруджа350гр,12
"Ест.Газ Вода 0,5л","Ест.Газ Вода 0,5л",13
Хляб пшеничен400,Хляб пшеничен400,14
Amadori Цяло пиле,Amadori Цяло пиле,15
KLC салам за багети,KLC салам за багети,16
K-Bio Банани кг,Банани (кг),17
Банани (кг),Банани (кг),17
"Olympus ПМ 3,7% 1л","Olympus ПМ 3,7% 1л",18
Qualita Rossa250гр,Qualita Rossa250гр,19
"Olympus ПМ 3,7% 1,5л","Olympus ПМ 3,7% 1,5л",20
КОКО Био Яйца L6,КОКО Био Яйца М6,21
КОКО Био Яйца М6,КОКО Био Яйца М6,21
Мляно месо смес 500г,Мляно месо смес 500г,22
Паста Микс Макс 350г,Паста Микс Милк 350г,23
Паста Микс Милк 350г,Паста Микс Милк 350г,23
Arla КС натурално,Arla КС натурално,24
Coca Cola 0.33 l,Coca Cola 0.33 l,25
Брей! Копър,Брей! Копър,26
Брей! Лук зелен,Брей! Лук зелен,27
"Девин вода 1,5л 6бр","Девин вода 1,5л 6бр",28
"Ест.Газ вода 1,5л","Ест.Газ вода 1,5л",29
Zewa кърпи за лице,Кърпи за лице,30
bev кърпи за лице,Кърпи за лице,30
Кърпи за лице,Кърпи за лице,30
Моркови кг,Моркови кг,31
Закуска бискв.315г,Закуска бискв.315г,32
Краставици (кг),Краставици (кг),33
Селски краставици1кг,Краставици (кг),33
"Михалково 1,5л","Михалково 1,5л",34
"CR пил. бут жълт,кг","CR пил. бут жълт,кг",35
KLC кух. хартия,KLC кух. хартия,36
KLC т.хартия,KLC кух. хартия,36
KLC печена шунка,KLC печена шунка,37
Био краставица,Био краставица,38
Брей! Магданоз,Брей! Магданоз,39
Багета бяла 110г,Бяла багета 110гр,40
Багета бяла 110гр,Бяла багета 110гр,40
Бяла багета 110гр,Бяла багета 110гр,40
Кроасан нуга 80г,Кроасан нуга 80г,41
Саяна Био КМ,Саяна Био КМ,42
"Coca Cola 0,5 л","Coca Cola 0,5 л",43
Coca Cola 5+1,"Coca Cola 0,5 л",43
"Coca Cola Zero0,5л","Coca Cola 0,5 л",43
Кашкавалка 120 г,Кашкавалка 120 г,44
Кашкавалка 120г,Кашкавалка 120 г,44
Кроасан с ягода 90г,Кроасан с ягода 90г,45
Кроасан ягода,Кроасан с ягода 90г,45
Круши Конференс кг,Круши Конференс кг,46
CR пил. филе жълто,CR пил. филе жълто,47
Chio Stickletti 100г,Chio Stickletti 100г,48
KLC.Варена.шунка,KLC.Варена.шунка,49
L&B Салфетки,L&B Салфетки,50
L&B.Салфетки,L&B Салфетки,50
Салфетки,L&B Салфетки,50
Брей! Репички,Брей! Репички,51
Кабаноси 120г,Кабаноси 120г,52
Картофи сладки,Картофи сладки,53
Краставица фол. бр,Краставица фол. бр,54
Ягоди 250 г бр,Ягоди 250 г бр,55
Ягоди 250г бр,Ягоди 250 г бр,55
Arla кр.сирене,Arla кр.сирене,56
DM МаслоКраварка250,DM МаслоКраварка250,57
Devin Изв. вода 1л,Devin Изв. вода 1л,58
Devin изв.вода 0.5,Devin Изв. вода 1л,58
Devin изв.вода 1.5,Devin Изв. вода 1л,58
Боженци кис.мляко 4%,Боженци кис.мляко 4%,59
Боровец Кексче 30г,Боровец Кексче 30г,60
Био Боровинки 125г,Боровинки 125 гр,61
Боровинки 125 гр,Боровинки 125 гр,61
Брей! Боровинки 125г,Боровинки 125 гр,61
Кабаноси птиче,Кабаноси птиче,62
Картофи кг,Картофи пресни кг,63
Картофи пресни кг,Картофи пресни кг,63
Лук жълт кг.,Лук жълт кг.,64
Маджар.Каш.380г.БДС,Маджар.Каш.380г.БДС,65
Маджаров Кашк.300г,Маджаров Кашк.300г,66
Немска закуска 113г,Немска закуска 113г,67
"Пелистерка 0,75л","Пелистерка 0,75л",68
Прошуто кото,Прошуто кото,69
Кашкавал,Саяна Био кашкавал,70
Саяна Био кашкавал,Саяна Био кашкавал,70
"Саяна ПМ 3% 0,5л","Саяна ПМ 3% 0,5л",71
Свинско мл. месо,Свинско мл. месо,72
Смядовска луканка,Смядовска луканка,73
"Торба,многократна","Торба,многократна",74
Чери бар Малка кут.,Чери бар Малка кут.,75
Barni шоко 30 гр.,Barni шоко 30 гр.,76
Colgate паста зъби,Colgate паста зъби,77
"Devin 2,5л/изворна","Devin 2,5л/изворна",78
"Devin Air 1,5 л.","Devin Air 1,5 л.",79
Hipp Пюре 125 гр,Hipp пюре 125 гр,80
Hipp пюре 125 гр,Hipp пюре 125 гр,80
Zebra Gold кухн.ролк,Zebra Gold кухн.ролк,81
Активиа мултипак,Активиа мултипак,82
Био домати-500г,Био домати-500г,83
Брей! Маруля,Брей! Маруля,84
Бутерка шоколад,Бутерка шоколад,85
Гъби 250гр,Гъби 250гр,86
Домати чери тримикс,Домати чери тримикс,87
Земел бял 60 г,Земел бял 60 г,88
Земел бял 60г,Земел бял 60 г,88
Кабаноси свинско,Кабаноси свинско,89
"Картофи мити 2,5 к б","Картофи мити 2,5 к б",90
Картофи мити 5 кг,"Картофи мити 2,5 к б",90
Картофи мити кг,"Картофи мити 2,5 к б",90
"Картофи мити2,5кг бр","Картофи мити 2,5 к б",90
КраставициKъсопл.,КраставициKъсопл.,91
Лук червен кг,Лук червен кг,92
Милинка 200г,Милинка 200г,93
Михалково газ.1л,Михалково газ.1л,94
Пластмасова кутия,Пластмасова кутия,95
Прот. грис пудинг,Прот. грис пудинг,96
Салфетки 20бр.,Салфетки 20бр.,97
Тиквички,Тиквички тъмни кг,98
Тиквички тъмни кг,Тиквички тъмни кг,98
УС Добруджа 650г,УС Добруджа 650г,99
Чушки Сиврия 400г,Чушки Сиврия 400гр,100
Чушки Сиврия 400гр,Чушки Сиврия 400гр,100
Чушки Сиврия кг,Чушки Сиврия 400гр,100
Aile теч.сапун,Aile теч.сапун,101
Aquafresh четка,Aquafresh четка 2,102
Aquafresh четка 2,Aquafresh четка 2,102
BIOфурми без костилк,BIOфурми без костилк,103
Barni мляко 30 гр.,Barni мляко 30 гр.,104
Colgate четка зъби,Colgate четка зъби,105
Domestos Fresh 435мл,Domestos Fresh 435мл,106
Dove течен сапун 500,Dove течен сапун 500,107
KLC Носни кърпички,KLC Носни кърпички,108
KLC тоал. хартия 4пл,KLC тоал. хартия 4пл,109
Krina Ориз балдо1кг,Krina Ориз балдо1кг,110
Magic Clean M 3 бр,Magic Clean M 3 бр,111
Pom Bar снакс 50 г,Pom Bar снакс 50 г,112
Pom Bar снакс 80 г,Pom Bar снакс 80 г,113
Premium Чай 20бр,Premium Чай 20бр,114
Ricola бонбони 40г,Ricola бонбони 40г,115
Rois лешник 140г,Rois лешник 140г,116
Safeguard теч. сапун,Safeguard теч. сапун,117
"San Pellegrino 0,75л","San Pellegrino 0,75л",118
Vileda Гъба 1 бр,Vileda Гъба 1 бр,119
Weid.Йогурт плод.1кг,Weid.Йогурт ягода1кг,120
Weid.Йогурт ягода1кг,Weid.Йогурт ягода1кг,120
Zebra тоал.х-я 30бр,Zebra тоал.х-я 30бр,121
bevola Kids,bevola Kids,122
БЕБО кл. за уши бебе,БЕБО кл. за уши бебе,123
Балкан Пр.мляко,Балкан Пр.мляко,124
Брей! Краставици,Брей! Краставици,125
Бял хляб 450 г,Бял хляб 450 г,126
Ведраре КМ 2% 400г,Ведраре КМ 2% 400г,127
"Верея КМ 4,5% 400г","Верея КМ 4,5% 400г",128
Златна Добруджа250г,Златна Добруджа250г,129
ЗлатнаДобр.солети60г,ЗлатнаДобр.солети60г,130
Кн.КРЪГЧО. Помисли,Кн.КРЪГЧО. Помисли,131
Кн.УНД. В гората,Кн.УНД. В гората,132
Кроасан с кайс.90г,Кроасан с кайс.90г,133
Кроасан с масло65г,Кроасан с масло65г,134
Кроки снакс 50г,Кроки снакс 50г,135
Маджар.Кашкав. ЗС,Маджар.Кашкав. ЗС,136
Майонеза трапезна,Майонеза трапезна,137
Микс бейби салат 200,Микс бейби салат 200,138
Мляно от св. плешка,Мляно от св. плешка,139
Пражка шунка,Пражка шунка,140
Салфетки 33х33см.,Салфетки 33х33см.,141
Хляб Лимец 300 гр,Хляб Лимец 300 гр,142
нишесте 200 г,нишесте 200 г,143
Agiva клечки за уши,Agiva клечки за уши,144
BIC запалка J25,BIC запалка J25,145
BIC запалка J26,BIC запалка J25,145
Barni шоко 150 гр,Barni шоко 150 гр,146
Belvita бискв.225г,Belvita бискв.225г,147
Biosaurus снакс 60гр,Biosaurus снакс 60гр,148
"CR, Пиле жълто,кг","CR, Пиле жълто,кг",149
CostaSBНесп.92г,CostaWBНесп.92г,150
CostaWBНесп.92г,CostaWBНесп.92г,150
"Devin 8x0,5л","Devin 8x0,5л",151
Energizer батерии,Energizer батерии,152
Eмека 3пл 12 бр,Eмека 3пл 12 бр,153
"Ferrero Rocher212,5г","Ferrero Rocher212,5г",154
"Ferrero Rocher269,4г","Ferrero Rocher269,4г",155
Fino торби 35л 15бр,Fino торби 35л 15бр,156
Fino торби 35л15бр,Fino торби 35л 15бр,156
"Florina Круша 0,25","Florina Круша 0,25",157
Joli Салфетки,Joli Салфетки,158
Joly Салфетки,Joli Салфетки,158
KI.Кутия с магнити,KI.Кутия с магнити,159
KLC Гауда слайс150г,KLC Гауда слайс150г,160
KLC Опашки скариди,KLC Опашки скариди,161
KLC кашу 150г,KLC кашу 150г,162
KLC кувертюра бял,KLC кувертюра бял,163
KLC протеин. извара,KLC протеин. извара,164
KU.Детски чорапи,KU.Детски чорапи,165
Karmela бискв.100г,Karmela бискв.100г,166
Karmela бисквити200г,Karmela бисквити200г,167
Kinder шок. яйце 20г,Kinder шок. яйце 20г,168
L&B.Хавлиена кърпа,L&B.Хавлиена кърпа,169
Lindt бонбони 100г,Lindt бонбони 100г,170
Milka Кейк&Шок 35г,Milka Кейк&Шок 35г,171
"OY.Дам.ч-щи,40DEN","OY.Дам.ч-щи,40DEN",172
Olympus Цедено10%1кг,Olympus Цедено10%1кг,173
Papia Тоал. Хартия,Papia Тоал. Хартия,174
Pfanner ябълка 2л,Pfanner ябълка 2л,175
Raffaelo бонб.230г,Raffaelo бонб.230г,176
Salza Гризини 235 г,Salza Гризини 235 г,177
"Schweppes 1,25 л","Schweppes 1,25 л",178
Somat гел 810мл,Somat гел 810мл,179
"Somersby 0,33л","Somersby 0,33л",180
TED Възглавница,TED Възглавница,181
Tub-o-flo 60 гр,Tub-o-flo 60 гр.,182
Tub-o-flo 60 гр.,Tub-o-flo 60 гр.,182
Unicart Салфетки,Unicart Салфетки,183
Vitamin Aqua B+,Vitamin Aqua Zn,184
Vitamin Aqua C+,Vitamin Aqua Zn,184
Vitamin Aqua Mg Zero,Vitamin Aqua Zn,184
Vitamin Aqua Zn,Vitamin Aqua Zn,184
Weid.Цедено 10% 1кг,Weid.Цедено 10% 1кг,185
Wet Hankies 15 бр.,Wet Hankies 15 бр.,186
YoPRO пудинг карамел,YoPRO пудинг карамел,187
Zahira Пудра захар,Zahira Пудра захар,188
Zebra К.Р.,Zebra К.Р.,189
Zewa носни кърпи,Zewa носни кърпи,190
Авокадо консумация,Авокадо консумация,191
Активиа Киноа 280г,Активиа Киноа 280г,192
Активиа Пълн.орех280,Активиа Пълн.орех280,193
Ананас бр,Ананас бр,194
БА Топ Сърлоин,БА Топ Сърлоин,195
БРЕЙ! Грах,БРЕЙ! Грах,196
Бейби спанак 125 г,Бейби спанак 125 г,197
Био Ябълки 4 бр.,Био Ябълки 4 бр.,198
Био лук 500 гр бр,Био лук 500 гр бр,199
Био моркови 500г,Био моркови 500г,200
Боровинки 300 г бр,Боровинки 300 г бр,201
Бочко мокри кърпички,Бочко мокри кърпички,202
Бочко препарат500,Бочко препарат500,203
Брей! Картофи,Брей! Картофи,204
Брей! Яйца L6 своб.,Брей! Яйца L6 своб.,205
Яйца L6,Брей! Яйца L6 своб.,205
"Ведраре KМ 4,5% 400г","Ведраре KМ 4,5% 400г",206
Горуб.хляб бял600г,Горуб.хляб бял600г,207
Градински ръкавици,Градински ръкавици,208
Джинд. корени (кг),Джинд. корени (кг),209
Домати (кг),Домати Рома кг,210
Домати Рома 500,Домати Рома кг,210
Домати Рома кг,Домати Рома кг,210
Домати мини рома250,Домати Рома кг,210
Домати мини рома500,Домати Рома кг,210
Домлян Каш.БДС 400г,Домлян Каш.БДС 400г,211
Донът със захар 49г,Донът със захар 49г,212
"Елена КM 3,6% 400 г","Елена КM 3,6% 400 г",213
Елена КС Класик вак.,Елена КС Класик вак.,214
Житен Дар 220г,Житен Дар 220г,215
Заек,Заек,216
Закуска с яйчен 90г,Закуска с яйчен 90г,217
ЗеленЛук вр.(бр),ЗеленЛук вр.(бр),218
Кайма смес СП,Кайма смес СП,219
Калиакра олио,Калиакра олио,220
Картичка Код 205,Картичка Код 205,221
Кн.КРЪГЧО. Голямо,Кн.КРЪГЧО. Голямо,222
Кн.Летни приключения,Кн.Летни приключения,223
Кн.МЗ. Цифрите,Кн.МЗ. Цифрите,224
Кн.Противоположности,Кн.Противоположности,225
Кн.Рожден ден,Кн.Рожден ден,226
Корнишон кг,Корнишон кг,227
Корнишон салатен кг,Корнишон кг,227
Кристал бисквити130г,Кристал бисквити130г,228
Кърпичка за очила,Кърпичка за очила,229
Лайка 20 гр,Лайка 20 гр,230
Лимони кг,Лимони кг,231
Малини 125 гр,Малини 125 гр,232
Мини багета55г,Мини багета55г,233
Мини кроас.масло25г,Мини кроас.масло25г,234
Пащърнак 300г бр,Пащърнак 300г бр,235
Пърленка 50 гр,Пърленка 50 гр,236
Пърленка 50г,Пърленка 50 гр,236
Салата Фризе 170г,Салата Фризе 170г,237
Саяна Био пр. мляко,Саяна Био пр. мляко,238
Саяна КС БДС 400г,Саяна Каш.БДС 400г,239
Саяна Каш.БДС 400г,Саяна Каш.БДС 400г,239
Св.месо за готвене,Св.месо за готвене,240
Тел.месо за готвене,Св.месо за готвене,240
Силует Елда 400г,Силует Елда 400г,241
ТАМА чай лайка26г,ТАМА чай лайка26г,242
Телешко мляно месо,Телешко мляно месо,243
Троя вафла 32/30г,Троя вафла 32/30г,244
Флат айрън стек 300г,Флат айрън стек 300г,245
ХлябГорублянски500,ХлябГорублянски500,246
ХлябПротеинов 400,ХлябПротеинов 400,247
ХлябСем. от тиква350,ХлябСем. от тиква350,248
Хрус солети 60 гр,Хрус солети 60 гр,249
Чери бар Голяма,Чери бар Голяма,250
Черни маслини,Черни маслини,251
K-Bio Чушки червени,Чушки Червени кг,252
Чушки Калиф. червени,Чушки Червени кг,252
Чушки Червени кг,Чушки Червени кг,252
боя за сладкиш,боя за сладкиш,253
#КФМПромоПанагюрска,#КФМПромоПанагюрска,254
7d.Кроасан макс92г,7d.Кроасан макс92г,255
ARGOSS Зехтин 1 л,ARGOSS Зехтин 1 л,256
Actimel напитка г.пл,Actimel напитка г.пл,257
Agiva кърпички,Agiva кърпички,258
Agiva спрей ръце,Agiva спрей ръце,259
"Alpro Not Milk 3,5%","Alpro Not Milk 3,5%",260
Always дам.превръзки,Always дам.превръзки,261
Astera паста 50 мл,Astera паста 50 мл,262
Astera паста за зъби,Astera паста за зъби,263
Ayco сандвич тостер,Ayco сандвич тостер,264
BIO джинджифил,BIO джинджифил,265
"BRIO К-т вилици, 3бр","BRIO К-т вилици, 3бр",266
"BRIO К-т лъжици, 6бр","BRIO К-т лъжици, 6бр",267
Bake Rolls Пица 80г,Bake Rolls Пица 80г,268
Barni мляко 150 гр,Barni мляко 150 гр,269
Bebelan кърпички24бр,Bebelan кърпички24бр,270
Bella Nova Д.превр.,Bella Nova Д.превр.,271
Bella Nova д. Превр.,Bella Nova Д.превр.,271
Belvita 50 гр,Belvita 50 гр,272
BgLine вафла 35г,BgLine вафла 35г,273
"Cappy портокал0,2л","Cappy портокал0,2л",274
"Портокал 0,2","Cappy портокал0,2л",274
Caprice пури 250гр,Caprice пури 250гр,275
Caprice пури 2x250 г,Caprice пури 250гр,275
"Carlsberg 5% 0,33л","Carlsberg 5% 0,33л",276
Coca Cola 1л,Coca Cola 1л,277
"Coca Cola 5+1 2 * 8,45",Coca Cola 1л,277
Coca Cola Zero 2л,Coca Cola Zero 2л,278
Colgate паста 50мл,Colgate паста 50мл,279
Corona Cero,Corona Cero,280
"Corona Cero 2 * 1,99",Corona Cero,280
Costa кафе зър.1кг,Costa кафе зър.1кг,281
Costa мляно 200 г,Costa мляно 200 г,282
Croko крекери 150г,Croko крекери 150г,283
DM Масло НТК 250г,DM Масло НТК 250г,284
DM Масло жълто 250г,DM Масло жълто 250г,285
DM Масло зелено250г,DM Масло зелено250г,286
Devin 11л/изворна,Devin 11л/изворна,287
Devin мин.вода 0.5,Devin мин.вода 0.5,288
Digestiбиск.мл.200г,Digestiбиск.мл.200г,289
Dilios Калъфка,Dilios Калъфка,290
Dolce есенция,Dolce есенция,291
Domestos 750 мл,Domestos 750 мл,292
Dove деоспрей,Dove деоспрей,293
Dr.Bеckmann сапун,Dr.Bеckmann сапун,294
"DrWitt Antiox 0,75л","DrWitt Antiox 0,75л",295
DragonSup кокос шеа,DragonSup кокос шеа,296
Duracell бат.AА4+2бр,Duracell бат.AА4+2бр,297
Elephant Пр.сол 180г,Elephant Пр.сол 180г,298
Emeka т.хартия30бр,Emeka т.хартия30бр,299
Energier CR2032 BP2,Energier CR2032 BP2,300
Event клечки за уши,Event клечки за уши,301
Familia ролка 1бр,Familia ролка 1бр,302
Fanta портокал 2 л,Fanta портокал 2 л,303
Fantasia шок.т.100г,Fantasia шок.т.100г,304
Ferrero Rocher 525г,Ferrero Rocher 525г,305
"Florina вишна 0,25","Florina вишна 0,25",306
"Florina кайс 0,25л","Florina кайс 0,25л",307
Florina плод. кокт,Florina плод. кокт,308
"Florina ябъл 0,25","Florina ябъл 0,25",309
"Fragedo,Пил.подбедр.","Fragedo,Пил.подбедр.",310
Frosch Ж.Лимон 500мл,Frosch Ж.Лимон 500мл,311
Frosch съдове Citrus,Frosch съдове Citrus,312
GTPremiumЛайка30г,GTPremiumЛайка30г,313
Gerber пауч 80 гр,Gerber пауч 80 гр,314
Granbiragi Тв.сир.80,Granbiragi Тв.сир.80,315
Grivas пуканки130г,Grivas пуканки130г,316
Happy Day Праскова,Happy Day Праскова,317
"Heineken 0,33 л","Heineken 0,33 л",318
Hipp сок 200 мл.,Hipp сок 200 мл.,319
"Jameson уиски 0,7л","Jameson уиски 0,7л",320
Jogobella йогурт20бр,Jogobella йогурт20бр,321
K-Bio Домати 500 гр,K-Bio Домати 500 гр,322
K-Bio Масло 200г,K-Bio Масло 200г,323
K-Bio Овесена каша,K-Bio Овесена каша,324
K-Bio Прясно мляко,K-Bio Прясно мляко,325
K-Bio Сладолед,K-Bio Сладолед,326
K-Bio Чесън 100г бр,K-Bio Чесън 100г бр,327
K-Bio Чушки биколор,K-Bio Чушки биколор,328
K-Fav Пармезан 100г,K-Fav Пармезан 100г,329
K-Fav Пармезан 125г,K-Fav Пармезан 125г,330
K-bio зеленчуци,K-bio зеленчуци,331
K.Солен сир150гр,K.Солен сир150гр,332
K.Соленки 150гр,K.Соленки 150гр,333
KI.Дърв. аксесоари,KI.Дърв. аксесоари,334
KI.Мебели,KI.Мебели,335
KI.Настолна игра,KI.Настолна игра,336
KLC 3пл. 10бр,KLC 3пл. 10бр,337
KLC Гауда слайс 300г,KLC Гауда слайс 300г,338
KLC Ементал 150г,KLC Ементал 150г,339
KLC Моцарела мини125,KLC Моцарела мини125,340
KLC Овесена каша 65г,KLC Овесена каша 65г,341
KLC Скир натур 500г,KLC Скир натур 500г,342
KLC Хляб 500г,KLC Хляб 500г,343
KLC Бакпулвер 5х12 г,KLC бакпулвер 5x12 г,344
KLC бакпулвер 5x12 г,KLC бакпулвер 5x12 г,344
KLC изпукани пуканки,KLC изпукани пуканки,345
KLC кърп.за очила 54,KLC кърп.за очила 54,346
KLC снакс сол 125г,KLC снакс сол 125г,347
KLC.Овесен.флейкс.,KLC.Овесен.флейкс.,348
KLC.Резерва за моп,KLC.Резерва за моп,349
KLC.капс.каф.R.20бр,KLC.капс.каф.R.20бр,350
KLC.кръглоз.ориз,KLC.кръглоз.ориз,351
KLC.осолена.шунка,KLC.осолена.шунка,352
Kikkoman Соев сос,Kikkoman Соев сос,353
Kinder Surprise20г,Kinder Surprise20г,354
Kinder зайче 55г,Kinder зайче 55г,355
Kinder шок.фигурка,Kinder шок.фигурка,356
Kl.Дървена играчка,Kl.Дървена играчка,357
Kартонени чaши 10бр.,Kартонени чaши 10бр.,358
L&B WC Четка,L&B WC Четка,359
L&B.стикер,L&B.стикер,360
L'OR Ристрето 10 бр,L'OR Ристрето 10 бр,361
Lavazza мл.к.4х250г,Lavazza мл.к.4х250г,362
Lesieur майонеза350г,Lesieur майонеза350г,363
Lifesteam Бъз,Lifesteam Бъз,364
Lindt вафла 26г,Lindt вафла 26г,365
Lindt календар 170г,Lindt календар 170г,366
Lindt класик200г,Lindt класик200г,367
Lindtасорти корнет,Lindtасорти корнет,368
MP.Авто комплект,MP.Авто комплект,369
Medix течен сапун,Medix течен сапун,370
Meglio препарат баня,Meglio препарат баня,371
Merci шок.бонб400г,Merci шок.бонб400г,372
MildeТоал.хар.32+8,MildeТоал.хар.32+8,373
Milka десерти 96г,Milka десерти 96г,374
Misko нав.фиде250,Misko нав.фиде250,375
Molped превръзки 7бр,Molped превръзки 7бр,376
"Moment Fix 1,5х19","Moment Fix 1,5х19",377
"Moretti 0,33 л.","Moretti 0,33 л.",378
Mozart бонбони 297г,Mozart бонбони 297г,379
NL.Мъжка тениска,NL.Мъжка тениска,380
Nescafe classic250,Nescafe classic250,381
Nesquik 375 гр,Nesquik 375 гр,382
Nesquik DUO 325 гр,Nesquik DUO 325 гр,383
Nesquik plus 400гр,Nesquik plus 400гр,384
NesquikТунк.ваф.26г,NesquikТунк.ваф.26г,385
O.B. тампони 16бр,O.B. тампони 16бр,386
O.B. тампони 8бр,O.B. тампони 8бр,387
"Olympus Био КМ 3,6%","Olympus Био КМ 3,6%",388
"Olympus КМ 3,6% 400г","Olympus КМ 3,6% 400г",389
PA. К-кт четки,PA. К-кт четки,390
PA.Воден пистолет,PA.Воден пистолет,391
PA.Дискова четка,PA.Дискова четка,392
PA.Лопатка,PA.Лопатка,393
PA.Органайзер,PA.Органайзер,394
PA.Ръчна количка,PA.Ръчна количка,395
PA.Садило EcoLine,PA.Садило EcoLine,396
PFANNER Праскова,PFANNER Праскова,397
PUEDO Мек Пъзел mix,PUEDO Мек Пъзел mix,398
Paladin Синьо сир100,Paladin Синьо сир100,399
Pampers гащиPrem.,Pampers гащиPrem.,400
Pampers кърпи 48бр.,Pampers кърпи 48бр.,401
Paw Patrol пъзел,Paw Patrol пъзел,402
Peak Out 80 гр,Peak Out 80 гр,403
Perrier 1 л. PET,Perrier 1 л. PET,404
Pfanner Morning,Pfanner Morning,405
Philips MicroSDкартa,Philips MicroSDкартa,406
Picantina Канела 10,Picantina Канела 10,407
President Кр. Сирене,President Кр. Сирене,408
Prisun Ябълка,Prisun Ябълка,409
Queens Disney банан,Queens Disney банан,410
Riso Gallo ориз,Riso Gallo ориз,411
Rocher Т24 бонбони,Rocher Т24 бонбони,412
Rois Фурма,Rois Фурма,413
Rois кашу 120г,Rois кашу 120г,414
"S&S чаша 0,2л,4бр","S&S чаша 0,2л,4бр",415
Чаша,"S&S чаша 0,2л,4бр",415
STerra кола газ.н-ка,STerra кола газ.н-ка,416
Sanitex т.хартия 4бр,Sanitex т.хартия 4бр,417
Schweppes Тоник,Schweppes Тоник,418
Scotti Био Овес 1л,Scotti Био Овес 1л,419
Selpak тоал.х-я 32бр,Selpak тоал.х-я 32бр,420
Sensodyne паста зъби,Sensodyne паста зъби,421
Sheron препарат,Sheron препарат,422
Silver пяна 150 мл.,Silver пяна 150 мл.,423
Smarties дражета 38г,Smarties дражета 38г,424
Sole Mio сухар 125г,Sole Mio сухар 125г,425
Splat паста за зъби,Splat паста за зъби,426
Starbucks напитка,Starbucks напитка,427
"Starobrno 0,5 л кен","Starobrno 0,5 л кен",428
"Stella Artois 0,33","Stella Artois 0,33",429
TS.Ножици к-кт,TS.Ножици к-кт,430
TS.Палитра,TS.Палитра,431
"Tanqueray 0,0% 0,7л","Tanqueray 0,0% 0,7л",432
Taste itТорта560г,Taste itТорта560г,433
Trefl Пъзел 100ел.,Trefl Пъзел 100ел.,434
Trefl Пъзел 24 maxi,Trefl Пъзел 24 maxi,435
Twix десерт 50г,Twix десерт 50г,436
VARTA Батерии,VARTA Батерии,437
VARTA Батерия,VARTA Батерии,437
Varta батерии,VARTA Батерии,437
Varta батерии C 2 бр,VARTA Батерии,437
Veda Оцет винен 500,Veda Оцет винен 500,438
Vileda Вл. Кърпа 5бр,Vileda Вл. Кърпа 5бр,439
Vileda гъба 10 бр,Vileda гъба 10 бр,440
Vileda кухн.гъба 2бр,Vileda кухн.гъба 2бр,441
Wolf Maxi Mix100гр,Wolf Maxi Mix100гр,442
Wolf Maxi Mix250гр,Wolf Maxi Mix250гр,443
YoPRO Страчатела,YoPRO Страчатела,444
YoPRO пудинг ванилия,YoPRO пудинг ванилия,445
Yova Мая за хляб 42г,Yova Мая за хляб 42г,446
Zebra т.хартия 4 бр,Zebra т.хартия 4 бр,447
Zebra тоал.х-я 8бр,Zebra тоал.х-я 8бр,448
Zewa 20бр.,Zewa 20бр.,449
bev.четка зъби,bev.четка зъби,450
bevola клечки за уши,bevola клечки за уши,451
bevola.тампони.грим,bevola.тампони.грим,452
illy кафе 250 г,illy кафе 250 г,453
Авокадо Hass бр,Авокадо Hass бр,454
Авокадо бр,Авокадо Hass бр,454
Азбуката,Азбуката,455
Аквилон яйца L10 бр,Аквилон яйца L10 бр,456
Активиа Г.плод 280г,Активиа Г.плод 280г,457
Активиа Череши 280г,Активиа Череши 280г,458
Активиа Ябълки 280г,Активиа Ябълки 280г,459
Активиа круша чия150,Активиа круша чия150,460
Активиа манго чия150,Активиа манго чия150,461
Аспержи 250г бр,Аспержи 250г бр,462
БА Денвър стек,БА Денвър стек,463
"Багета,300г","Багета,300г",464
Бадем Rois 70г,Бадем Rois 70г,465
Бакпулвер 10 г,Бакпулвер 10 г,466
"Балд. газ.вода 1,5","Балд. газ.вода 1,5",467
Балкан Бисквита 200г,Балкан Бисквита 200г,468
Балсамов оцет,Балсамов оцет,469
Баничка тип пура85,Баничка тип пура85,470
Бейби чушки 200 г бр,Бейби чушки 200 г бр,471
Белла точени кори400,Белла точени кори400,472
Точени кори 400 г,Белла точени кори400,472
Бенг. огън 40см,Бенг. огън 40см,473
Бенлиан ОрЧипс 60гр,Бенлиан ОрЧипс 60гр,474
Билк.чай за деца,Билк.чай за деца,475
Био картофи 1 кг,Био картофи 1 кг,476
Био краставици късоп,Био краставици късоп,477
Био тиквички 500 г б,Био тиквички 500 г б,478
Блейз ш.я.20 г,Блейз ш.я.20 г,479
Бор Ч ПКМ кайсия 200,Бор Ч ПКМ кайсия 200,480
Бор Чв ПКМ ягода 200,Бор Чв ПКМ ягода 200,481
Босилек бр,Босилек бр,482
Бочко вл.кърпи 48бр.,Бочко вл.кърпи 48бр.,483
Боя за яйца,Боя за яйца,484
Брашно екстра 1 кг,Брашно екстра 1 кг,485
Брашно тип500 1кг,Брашно тип500 1кг,486
Брей! Гъби,Брей! Гъби,487
Брей! Домати,Брей! Домати,488
Брей! Кайма смес 500,Брей! Кайма смес 500,489
Брей! Малини 125г бр,Брей! Малини 125г бр,490
Малини 125г,Брей! Малини 125г бр,490
Брей! Моркови,Брей! Моркови,491
Брей! Селски хляб650,Брей! Селски хляб650,492
Брей! Спанак,Брей! Спанак,493
"Брецел, немски 100г","Брецел,немски100г",494
"Брецел,немски100г","Брецел,немски100г",494
Броколи (кг),Броколи (кг),495
Брюксел.зеле бр,Брюксел.зеле бр,496
Букет карамфили 40 с,Букет карамфили 40 с,497
Букет рози 11бр,Букет рози 11бр,498
Бяла кристална захар,Бяла кристална захар,499
ВВВ Праскова 12% 2л,ВВВ Праскова 12% 2л,500
Ведраре Kашкавал 400,Ведраре Kашкавал 400,501
Великденс. Стикери,Великденс. Стикери,502
Велинград 1л,Велинград 1л,503
Велинград 5+1,Велинград 1л,503
"Велинград вода 1,5",Велинград 1л,503
"Верея КМ 2,9% 400г","Верея КМ 2,9% 400г",504
Верея ПМ 3% 1л,Верея ПМ 3% 1л,505
"Верея ПМ Чудно 3,7%","Верея ПМ Чудно 3,7%",506
Верея Чудно КМ 5%,Верея Чудно КМ 5%,507
Виенска шунка,Виенска шунка,508
Вила за засаждане,Вила за засаждане,509
Вита баница800,Вита баница800,510
Вода бебе 1.5,Вода бебе 1.5,511
Геврек120 гр.,Геврек120 гр.,512
Горска ягода,Горска ягода,513
Градинска лопатка,Градинска лопатка,514
Градинска ножица,Градинска ножица,515
Грейпфрут кг,Грейпфрут кг,516
Гъби Кладница 250г б,Гъби Кладница 250г б,517
Дамски чехли,Дамски чехли,518
Детски Фотоапарат,Детски Фотоапарат,519
Джумайска луканка,Джумайска луканка,520
Домат розов България,Домат розов България,521
Домати коктейлни 500,Домати коктейлни 500,522
Домати на клонка кг,Домати на клонка кг,523
Био розови домати,Домати розови (кг),524
Домати Ръгби розови,Домати розови (кг),524
Домати розови (кг),Домати розови (кг),524
Домати розови 1 кг,Домати розови (кг),524
Домати розови 700г,Домати розови (кг),524
Домати черни 500г,Домати черни 500г,525
Домлян сирене 500г,Домлян сирене 500г,526
Дървена кафемашина,Дървена кафемашина,527
Дървена решетка,Дървена решетка,528
Дървени Мебели,Дървени Мебели,529
Дървени мебели,Дървени Мебели,529
Елиаз пълн.Дъл300г,Елиаз пълн.Дъл300г,530
Железни рингове,Железни рингове,531
"Живена Хляб,350","Живена Хляб,350",532
Завеса за баня,Завеса за баня,533
Загорка 2 л PET,Загорка 2 л PET,534
Закуска бискв.355г,Закуска бискв.355г,535
Закуска пудинг 100 г,Закуска пудинг 100 г,536
"ЗакускаПекан,клен85г","ЗакускаПекан,клен85г",537
Захарни перли микс,Захарни перли микс,538
Захарни сърца микс,Захарни сърца микс,539
Здраве Бебе изм.гел,Здраве Бебе изм.гел,540
Здраве Бебе крем75мл,Здраве Бебе крем75мл,541
Зеле ранно кг,Зеле ранно кг,542
Златна солети50г,Златна солети50г,543
Зора Яйца L6 под,Зора Яйца L6 под,544
Иберико бургер,Иберико бургер,545
Играй със сричките,Играй със сричките,546
Изгрев бискв.120г,Изгрев бискв.120г,547
Ирландско Масло 250г,Ирландско Масло 250г,548
Искрящи фонтани,Искрящи фонтани,549
К-кт за опаковане,К-кт за опаковане,550
К-кт кутии 3 бр.,К-кт кутии 3 бр.,551
КФМ Луканка,КФМ Луканка,552
Кайма смес60св/40г,Кайма смес60св/40г,553
"Кайсии 0,500гр. бр.","Кайсии 0,500гр. бр.",554
Калъф,Калъф,555
Картонени купи 10бр.,Картонени купи 10бр.,556
Картофи 5кгбр.,Картофи 5кгбр.,557
Кафява захар 500гр,Кафява захар 500гр,558
Кашу печеноRois 140g,Кашу печеноRois 140g,559
Киви Голд кг,Киви Голд кг,560
Киви кг,Киви Голд кг,560
Клечки за зъби 470бр,Клечки за зъби 470бр,561
Кн. Да победим ..,Кн. Да победим ..,562
Кн. Планетата на м.,Кн. Планетата на м.,563
Кн. Професии /МЗ/,Кн. Професии /МЗ/,564
Кн.Емоциите,Кн.Емоциите,565
Кн.ЖАБОКЪТ КВАКИ,Кн.ЖАБОКЪТ КВАКИ,566
Кн.ИБ. Светът около,Кн.ИБ. Светът около,567
Кн.КРЪГЧО. Брой до,Кн.КРЪГЧО. Брой до,568
Кн.КРЪГЧО. Открий цв,Кн.КРЪГЧО. Открий цв,569
Кн.МЗ - В зеленч.гр.,Кн.МЗ - В зеленч.гр.,570
Кн.Нощта преди ..,Кн.Нощта преди ..,571
Кн.Оцвети ПРИНЦЕСИ,Кн.Оцвети ПРИНЦЕСИ,572
Кн.ПАРТИ,Кн.ПАРТИ,573
Кн.ПВЦ! ПРИКЛЮЧЕНИЯ,Кн.ПВЦ! ПРИКЛЮЧЕНИЯ,574
Кн.ПЕПЕРУДКАTA,Кн.ПЕПЕРУДКАTA,575
Кн.ПРИКАЗКИ в РИМИ,Кн.ПРИКАЗКИ в РИМИ,576
Кн.Прик. кученца,Кн.Прик. кученца,577
Кн.УНД. На село,Кн.УНД. На село,578
Кн.УНД.В супермаркет,Кн.УНД.В супермаркет,579
"Козарев Козе КМ 3,7%","Козарев Козе КМ 3,7%",580
Коледна торбичка,Коледна торбичка,581
Коледни фиби с рогца,Коледни фиби с рогца,582
Коледниче 9 см,Коледниче 9 см,583
Комплект гайки,Комплект гайки,584
Комплект кутии,Комплект кутии,585
Комплект четки,Комплект четки,586
Конифери микс 9 см,Конифери микс 9 см,587
Копър бр.,Копър връзка 1бр,588
Копър връзка 1бр,Копър връзка 1бр,588
Крем ягода,Крем ягода,589
Крем ягода 50г,Крем ягода,589
Кроасан с шунка 95,Кроасан с шунка 95,590
Круши Червени кг.,Круши Червени кг.,591
"Купа, 0,6 л","Купа, 0,6 л",592
"Купа, 4 л","Купа, 4 л",593
Курабийка с фурми,Курабийка с фурми,594
Кутия за храна,Кутия за храна,595
Кухненски кърпи,Кухненски кърпи,596
Къдрав магданоз,Къдрав магданоз,597
Къпани кори 400г,Къпани кори 400г,598
Къпани пълн кори400г,Къпани кори 400г,598
Кървена къща,Кървена къща,599
Лавандула 12см,Лавандула 12см,600
Лактофол хризантем,Лактофол хризантем,601
Лимони 500г бр,Лимони Натур 500г бр,602
Лимони Натур 500г бр,Лимони Натур 500г бр,602
Луканка Резерва 100г,Луканка Резерва 100г,603
Лукчета грейпфрут75г,Лукчета грейпфрут75г,604
МОИТЕ ПЪРВИ ДУМИЧКИ,МОИТЕ ПЪРВИ ДУМИЧКИ,605
Магданоз в саксия бр,Магданоз в саксия бр,606
"Магнитна ""Бесеница""","Магнитна ""Бесеница""",607
Магре Зелени аспержи,Магре Зелени аспержи,608
Маджаров Луканка,Маджаров Луканка,609
Мандарини кг,Мандарини кг,610
Мартеница XM02,Мартеница XM02,611
Мартеница XM05,Мартеница XM02,611
Мартеница х1 бр.,Мартеница х1 бр.,612
Маруля къдрава бр,Маруля.къдрава бр,613
Маруля.къдрава бр,Маруля.къдрава бр,613
Маслини Каламата,Маслини Каламата,614
Маслини суп. колосал,Маслини суп. колосал,615
Мелко грис 1 кг,Мелко грис 1 кг,616
Мероне Био КС 350г,Мероне Био КС 350г,617
Мероне Каш.400г БДС,Мероне Каш.400г БДС,618
Мизия Яйца M6 подови,Мизия Яйца M6 подови,619
Микро-ни кърпи 4 бр,Микро-ни кърпи 4 бр,620
Мини поничка 25г,Мини поничка 25г,621
Мини поничка 26г,Мини поничка 26г,622
Мираж тункв.б-ви.яг.,Мираж тункв.б-ви.яг.,623
Молерите бабек,Молерите бабек,624
Морени MAXX 49 гр,Морени MAXX 49 гр,625
Музикална играчка,Музикална играчка,626
Нар бр,Нар бр,627
Ная вафли 600 г,Ная вафли 600 г,628
Нишесте г.плод 60г,Нишесте г.плод 60г,629
Нишесте ягода 60г,Нишесте ягода 60г,630
Образователен таблет,Образователен таблет,631
Овесени ядки 250гр,Овесени ядки 250гр,632
Опаковъчна хартия,Опаковъчна хартия,633
Орбел оцет ябълков,Орбел оцет ябълков,634
Орбел сол трап.,Орбел сол трап.,635
Орехите Deli филе,Орехите Deli филе,636
Оризов.бискв120г,Оризов.бискв120г,637
Отвертки и ключове,Отвертки и ключове,638
Папая (бр),Папая (бр),639
Пастет свински100,Пастет свински100,640
Перелик Луканка,Перелик Луканка,641
"Пил. Цяло бутче,кг","Пил. Цяло бутче,кг",642
Пил.дроб 1 кг плик,Пил.дроб 1 кг плик,643
"Пиринско 0,5 Кен","Пиринско 0,5 Кен",644
Праз вр./бр./,Праз вр./бр./,645
Предпазна маска,Предпазна маска,646
"Прясно пиле Халал,кг","Прясно пиле Халал,кг",647
"Пилешко филе,кг",Пуешко филе кг,648
Пуешко филе кг,Пуешко филе кг,648
Пушен бекон 190 г,Пушен бекон 190 г,649
Багета пълноз.110г,Пълнозър.багета110,650
Пълнозър.багета110,Пълнозър.багета110,650
Пъпеш Галия кг,Пъпеш Галия кг,651
Радиком грис ванилия,Радиком грис ванилия,652
Репички вр.(бр),Репички вр.(бр),653
Родопски чай билк.,Родопски чай билк.,654
Ряпа Дайкон кг,Ряпа Дайкон кг,655
Саздърма,Саздърма,656
Саздърма говежда,Саздърма,656
Салатa Литъл джем,Салатa Литъл джем,657
Салата Айсберг(бр),Салата Айсберг(бр),658
Салата червена,Салата червена,659
Салфетки Kitchen,Салфетки Kitchen,660
Салфетки ZEBRA,Салфетки ZEBRA,661
Салфетки ZEBRA 60 бр,Салфетки ZEBRA,661
Салфетки ZEBRA 70 бр,Салфетки ZEBRA,661
Саяна ПМ 3% 1л,Саяна ПМ 3% 1л,662
Свещ цифра 01,Свещ цифра 01,663
Свещ цифра 3,Свещ цифра 01,663
"Свещ,цифра 3",Свещ цифра 01,663
"Свещ, балон","Свещ, балон",664
"Свещи ""HP"",13бр.","Свещи ""HP"",13бр.",665
Свещи ЧРД,Свещи ЧРД,666
Свещи спирали,Свещи спирали,667
Свински врат бк 600г,Свински врат бк 600г,668
Свински гърди ск600г,Свински гърди ск600г,669
Свинско каре бк 400г,Свинско каре бк 400г,670
"Свинско филе, 100г","Свинско филе, 100г",671
Сгъваем матрак,Сгъваем матрак,672
Сезони вишна160г,Сезони вишна160г,673
Селектиран бери микс,Селектиран бери микс,674
Селски пшеничен450г,Селски пшеничен450г,675
Селски хляб 600г,Селски хляб 600г,676
Силует класик400г,Силует класик400г,677
Слънчо нектар 200мл,Слънчо нектар 200мл,678
Слънчо пуканки 47г,Слънчо пуканки 47г,679
Спанак 300гр бр.,Спанак 300гр бр.,680
Суити (бр),Суити (бр),681
Сьомга котлет,Сьомга котлет,682
Тава кръгла,Тава кръгла,683
Тенджера 24х10.5см,Тенджера 24х10.5см,684
Термо бельо,Термо бельо,685
Термо чанта,Термо чанта,686
Тиган 26см,Тиган 26см,687
Тиган палачинки,Тиган палачинки,688
Тиква Самсон,Тиква Самсон,689
Тиква Хокайдо,Тиква Хокайдо,690
Турски геврек 110г,Турски геврек 110г,691
Фамилия кори 500 г,Фамилия кори 500 г,692
Фасул жълт,Фасул жълт,693
Фитнес хлебче 75г,Фитнес хлебче 75г,694
Фурма без костилка,Фурма без костилка,695
Хартиена торбичка,Хартиена торбичка,696
"Хисар мин.вода 1,5","Хисар мин.вода 1,5",697
Хляб Палермо 400 гр,Хляб Палермо 400 гр,698
Хляб със закваска500,Хляб със закваска500,699
"Хляб,бял,500гр","Хляб,бял,500гр",700
"Хляб,сем.от ръж350","Хляб,сем.от ръж350",701
Хоспед Чаршафи 10бр,Хоспед Чаршафи 10бр,702
Хрус-Хрус 150г,Хрус-Хрус 150г,703
Ципура изчистeна,Ципура изчистeна,704
Чанта 15x8x5 см,Чанта 15x8x5 см,705
Чаша с дръжка 320,Чаша с дръжка 320,706
Четка NATURE,Четка NATURE,707
Четка за съдове,Четка за съдове,708
Чисто унивспрей700мл,Чисто унивспрей700мл,709
Чушки Бели,Чушки Бели,710
Чушки камби кг,Чушки камби кг,711
Чушки микс бр,Чушки микс бр,712
Чушки червена 500г,Чушки червена 500г,713
Шеф Месар Цяло бутче,Шеф Месар Цяло бутче,714
Шеф Месар горно бутч,Шеф Месар горно бутч,715
Шеф Месар долно бутч,Шеф Месар горно бутч,715
Шокол.яйце с игр.20г,Шокол.яйце с игр.20г,716
Ябълки Гала кг,Ябълки Гала кг,717
Ябълки Гига кг,Ябълки Гига кг,718
Ябълки Златна Пр,Ябълки Златна Пр,719
Брей! Ягоди 500г бр,Ягоди 500гр(бр),720
Ягоди 500гр(бр),Ягоди 500гр(бр),720
инструменти 100ч.,инструменти 100ч.,721
"крем 60г 2 * 1,09","крем 60г 2 * 1,09",722
купа за крем,купа за крем,723
наст. Игра,наст. Игра,724
шокол.топчета,шокол.топчета,725
Закуска пекан 85г,Закуска пекан 85г,726
Прот. пудинг ванилия,Прот. пудинг ванилия,727
La Provincia Пил.бут,La Provincia Пил.бут,728
Кроасан с масло 55г,Кроасан с масло 55г,729
"Devin изв.вода 0,33","Devin изв.вода 0,33",730
Пърленка 160г,Пърленка 160г,731
ЧернаСтафид141/230,ЧернаСтафид141/230,732
DrWitt Collagen,DrWitt Collagen,733
Harmonica яйца,Harmonica яйца,734
Ristorante Шунка,Ristorante Шунка,735
БрейРоз.дом,БрейРоз.дом,736
Флор,Флор,737
Arla Гауда слайс 150,Arla Гауда слайс 150,738
CocoRico Пил.бонфиле,CocoRico Пил.бонфиле,739
"Corona бира 0,355 л","Corona бира 0,355 л",740
Dolce боя,Dolce боя,741
K-Bio Лимони 500 гр,K-Bio Лимони 500 гр,742
Nesquik зър зак 225,Nesquik зър зак 225,743
Pfanner ябълка 1 л,Pfanner ябълка 1 л,744
Star пуканки 80 г,Star пуканки 80 г,745
Tedi Muss Ябълка,Tedi Muss Ябълка,746
illy есе pods 18бр,illy есе pods 18бр,747
А-Салата Радост,А-Салата Радост,748
Активиа Мюсли 280г,Активиа Мюсли 280г,749
"Боженци Кис. Мл.2,2%","Боженци Кис. Мл.2,2%",750
Боровец Кексче 120г,Боровец Кексче 120г,751
Бочко крем 75 мл,Бочко крем 75 мл,752
Верея Кашкавал 200г,Верея Кашкавал 200г,753
Домати Биволско сърц,Домати Биволско сърц,754
Кабаноси 90г,Кабаноси 90г,755
Кутия PET 250 мл.,Кутия PET 250 мл.,756
Мизия Яйца M6 селен,Мизия Яйца M6 селен,757
Пъпеш Канталупе кг,Пъпеш Канталупе кг,758
Чушка камба кг,Чушка камба кг,759
Airwaves Extreme 46д,Airwaves Extreme 46д,760
Alpro заквас.боров.,Alpro заквас.боров.,761
Alpro кокос мал.120г,Alpro кокос мал.120г,762
Artur крекери сол90,Artur крекери сол90,763
Balkan Сандвич 200g,Balkan Сандвич 200g,764
Balkan Чабата 240г,Balkan Чабата 240г,765
Beretta Врат Coppa,Beretta Врат Coppa,766
Cappy 1 л,Cappy 1 л,767
"Cheval Шардоне 0,75","Cheval Шардоне 0,75",768
Coco суха паста38г,Coco суха паста38г,769
"Cola Zero 0,33л","Cola Zero 0,33л",770
DMB Кр масло 100g,DMB Кр масло 100g,771
DMB масло 250г,DMB масло 250г,772
Davidoff кафе з.500г,Davidoff кафе з.500г,773
Devin 5л/изворна,Devin 5л/изворна,774
Devin Air газ.вода,Devin Air газ.вода,775
Dolcepr. п. захар250,Dolcepr. п. захар250,776
Dr.Oetker в.захар8,Dr.Oetker в.захар8,777
Energizer PlusAAA,Energizer PlusAAA,778
Event WC кърпи 60бр,Event WC кърпи 60бр,779
FelicianaПица320г,FelicianaПица320г,780
Fever Tree тоник,Fever Tree тоник,781
FroschП-тСъд.2х750мл,FroschП-тСъд.2х750мл,782
Granini ябълка 1л.,Granini ябълка 1л.,783
Gulsah лакочистител,Gulsah лакочистител,784
Harmonica мляко 2%,Harmonica мляко 2%,785
"Harmonica мляко 3,6%","Harmonica мляко 3,6%",786
Harmonica солети 50г,Harmonica солети 50г,787
Harmonica солети 60г,Harmonica солети 60г,788
Helios фиде 250 г,Helios фиде 250 г,789
K-Bio.Oризови.вафли,K-Bio.Oризови.вафли,790
K-Fav Грана пад.150г,K-Fav Грана пад.150г,791
K-Fav. Barista 1 кг,K-Fav. Barista 1 кг,792
K-Fav.Триполини,K-Fav.Триполини,793
KLC Грах замр. 450 г,KLC Грах замр. 450 г,794
KLC Сладолед 16х50,KLC Сладолед 16х50,795
KLC крекер сол,KLC крекер сол,796
KLC кухн.харт.100м,KLC кухн.харт.100м,797
KLC нектар 330мл,KLC нектар 330мл,798
KLC нектар 750мл,KLC нектар 750мл,799
KLC шунка шварцв.100,KLC шунка шварцв.100,800
KLC.Дом.ръкавици.L,KLC.Дом.ръкавици.L,801
"KLC.сироп.бъз.0,7л","KLC.сироп.бъз.0,7л",802
KLC.т.хар.4пл.160къс,KLC.т.хар.4пл.160къс,803
Kinder Maxi Mix 133г,Kinder Maxi Mix 133г,804
KitKat MiniMix197.4г,KitKat MiniMix197.4г,805
Kартон.чaши с капаци,Kартон.чaши с капаци,806
L&B.LED Декорация,L&B.LED Декорация,807
LAMARQUE PM-3209,LAMARQUE PM-3209,808
LBB Кашкавал 400г,LBB Кашкавал 400г,809
La Prov. обезк. бут,La Prov. обезк. бут,810
La provincia филе,La provincia филе,811
Lays печен чипс 105г,Lays печен чипс 105г,812
M-Салата Миста 250 г,M-Салата Миста 250 г,813
Merci шокол.бонбон,Merci шокол.бонбон,814
Milka какаов крем350,Milka какаов крем350,815
Misko ризони500г,Misko ризони500г,816
Olympus КС 300г,Olympus КС 300г,817
Osram LED лампа,Osram LED лампа,818
"PAYSAN Бри 3,3кг","PAYSAN Бри 3,3кг",819
PassionataПрошуто,PassionataПрошуто,820
Paw Patrol бонб.10г,Paw Patrol бонб.10г,821
"Pfan. сок ябълка 0,2","Pfan. сок ябълка 0,2",822
Pfanner ананас 1 л,Pfanner ананас 1 л,823
Philadel.Крема 300г,Philadel.Крема 300г,824
Pom Bar снакс 18г,Pom Bar снакс 18г,825
Pringles паприка165г,Pringles паприка165г,826
Raffaelo T15 бонб.,Raffaelo T15 бонб.,827
Ristorante Салам,Ristorante Салам,828
Ristorante Специале,Ristorante Специале,829
Rois ядкиPremium150г,Rois ядкиPremium150г,830
Silver Angel Сов.,Silver Angel Сов.,831
Teo Rich Milk сапун,Teo Rich Milk сапун,832
Thinkle Stars таблет,Thinkle Stars таблет,833
Trisa четка за зъби,Trisa четка за зъби,834
Tub-o-flo 500 мл,Tub-o-flo 500 мл,835
Tuborg пиво 1л,Tuborg пиво 1л,836
Wet Hankies м.кърпи,Wet Hankies м.кърпи,837
Zewa тоал.х-я 24бр,Zewa тоал.х-я 24бр,838
bev.пяна.изм.250мл,bev.пяна.изм.250мл,839
Адана кебап смес,Адана кебап смес,840
Багета 415 г,Багета 415 г,841
Балони 6 Latex,Балони 6 Latex,842
Бейби краставички,Бейби краставички,843
Био круши 450г,Био круши 450г,844
Блендер 6 в 1,Блендер 6 в 1,845
Боровинки 400 гр бр,Боровинки 400 гр бр,846
Боровинки250гр,Боровинки250гр,847
Бочко шампоан,Бочко шампоан,848
Брей! Бейби фефер320,Брей! Бейби фефер320,849
Брей! Яйца М10 своб.,Брей! Яйца М10 своб.,850
"ВВВ Кайсия 0,2","ВВВ Кайсия 0,2",851
"ВВВ Ябълка 0,2","ВВВ Ябълка 0,2",852
ВВВ ябълка 1 л,ВВВ ябълка 1 л,853
Вакуумен екстракт.,Вакуумен екстракт.,854
Ведраре КС 400г,Ведраре КС 400г,855
Геврек сирене 100г,Геврек сирене 100г,856
Горубл. Добр. 600,Горубл. Добр. 600,857
Гризини 230г,Гризини 230г,858
ДМ Пр.мл без лактоза,ДМ Пр.мл без лактоза,859
Дамски чорапи,Дамски чорапи,860
Дет. чорапогащник,Дет. чорапогащник,861
Детски шноли,Детски шноли,862
"Диня кг 4,256 KG","Диня кг 4,256 KG",863
Добруджа нар. 830,Добруджа нар. 830,864
Домaти селски кг,Домaти селски кг,865
Дървени въглища,Дървени въглища,866
Ел Би Кашкавал,Ел Би Кашкавал,867
Елена Краве сир.кг,Елена Краве сир.кг,868
Елиаз хл.ръж 400г,Елиаз хл.ръж 400г,869
Ементалер кг,Ементалер кг,870
Житeн път бискв.135г,Житeн път бискв.135г,871
Житен дарСухари125г,Житен дарСухари125г,872
Житен път бискв.330г,Житен път бискв.330г,873
Захарни пеперуди,Захарни пеперуди,874
Здраве Бебе мляко,Здраве Бебе мляко,875
ИНКОМ Боб 500г,ИНКОМ Боб 500г,876
К-кт за оцветяване,К-кт за оцветяване,877
К-кт ножове 4 бр.,К-кт ножове 4 бр.,878
Картонена купа,Картонена купа,879
"Картофи чет 2,5кг бр","Картофи чет 2,5кг бр",880
Картофи четкани кг,Картофи четкани кг,881
Касерола 18см,Касерола 18см,882
Кашкавалка 220г,Кашкавалка 220г,883
"Кашпа, бяла 14 см","Кашпа, бяла 14 см",884
Кн.Зимнина,Кн.Зимнина,885
Кн.Как вълчето..,Кн.Как вълчето..,886
Компл. 3,Компл. 3,887
Краси майон.200гр,Краси майон.200гр,888
Крекер прецел 35г,Крекер прецел 35г,889
Крина ориз арборио,Крина ориз арборио,890
Кроки цар.Natural40г,Кроки цар.Natural40г,891
Кръстев звезд 400,Кръстев звезд 400,892
Кутия PET 500 мл.,Кутия PET 500 мл.,893
Ластици за коса,Ластици за коса,894
Лепило стик,Лепило стик,895
Лимети бр,Лимети бр,896
Лимони 4бр,Лимони 4бр,897
Малини 200 гр.,Малини 200 гр.,898
Маркер за дъска,Маркер за дъска,899
Маслини Стафидата,Маслини Стафидата,900
Миникекс како 280 г,Миникекс како 280 г,901
Ная биск. класик190г,Ная биск. класик190г,902
Нишесте ванилия 60,Нишесте ванилия 60,903
Пад за опт. мишка,Пад за опт. мишка,904
Прот. шоко пудинг,Прот. шоко пудинг,905
"Пуешки гърди, 100г","Пуешки гърди, 100г",906
Пуешки обезк бут,Пуешки обезк бут,907
ПъпешДеликатесен,ПъпешДеликатесен,908
Роза 12 см,Роза 12 см,909
Рулце чер пудинг145г,Рулце чер пудинг145г,910
Салам Бургас,Салам Бургас,911
Салата Сезонна 250г,Салата Сезонна 250г,912
Салата валериана 40,Салата валериана 40,913
Св.каре цяло парче,Св.каре цяло парче,914
Св.ребра за печене,Св.ребра за печене,915
Свещи пастелни 12бр,Свещи пастелни 12бр,916
"Сламки, 20см, 48бр.","Сламки, 20см, 48бр.",917
Сол екстра 1 кг,Сол екстра 1 кг,918
Сомун 300г,Сомун 300г,919
София мел брашно2кг,София мел брашно2кг,920
Спианата Романа,Спианата Романа,921
"Ст.чай праск.1,5л","Ст.чай праск.1,5л",922
Суха мая 7 г,Суха мая 7 г,923
Тава с дръжки,Тава с дръжки,924
Торби прахосм SA59A,Торби прахосм SA59A,925
Флумастери,Флумастери 10 бр,926
Флумастери 10 бр,Флумастери 10 бр,926
Фолиев балон 5,Фолиев балон 5,927
Формички за сладки,Формички за сладки,928
Хим.сол босилек200,Хим.сол босилек200,929
Хляб с лимец 400г,Хляб с лимец 400г,930
Хляб със семена470,Хляб със семена470,931
Чери тримикс 400г,Чери тримикс 400г,932
Чесън млечен кг,Чесън млечен кг,933
Четки за боядисван,Четки за боядисван,934
Чушки Долма кг,Чушки Долма кг,935
Швепс Тоник 0.33,Швепс Тоник 0.33,936
Шеф Месар Пил. филе,Шеф Месар Пил. филе,937
Щипки 4 бр.,Щипки 4 бр.,938
Щора предно стъкло,Щора предно стъкло,939
зърнена закуска 400г,зърнена закуска 400г,940
"Фреш Порто 0,5л ToGo",фреш,941
фреш,фреш,941
царевично нишесте,царевично нишесте,942
"LBB КM 3,6% БДС 400г","LBB КM 3,6% БДС 400г",943
Хляб протеинов250,Хляб протеинов250,944
Ел Би Проб.Кис.мляко,Ел Би Проб.Кис.мляко,945
Салата Фамилия 250гр,Салата Фамилия 250гр,946
"ROSO пил.бут, кг","ROSO пил.бут, кг",947
Домати Кумато кг,Домати Кумато кг,948
Пастет Меченце,Пастет Меченце,949
Fino торби 60л10бр,Fino торби 60л10бр,950
K-Bio Краставица бр,K-Bio Краставица бр,951
KGold.шунка.150г,KGold.шунка.150г,952
KLC пелети сол,KLC пелети сол,953
Olympus Котидж 180г,Olympus Котидж 180г,954
"ROSO Пил.пържола, кг","ROSO Пил.пържола, кг",955
Бор Чвор ПМ без лакт,Бор Чвор ПМ без лакт,956
Боровинки 500гр бр,Боровинки 500гр бр,957
Бочко сапун 75 гр,Бочко сапун 75 гр,958
"Каламат безкост, кг","Каламат безкост, кг",959
Ккт за култивиране,Ккт за култивиране,960
Ципура чистена кг,Ципура чистена кг,961
CostaCRНесп.92г,CostaCRНесп.92г,962
Crema e Gusto250г,Crema e Gusto250г,963
Dallmayr зърна 1кг,Dallmayr зърна 1кг,964
Danonino Pouch 70г,Danonino Pouch 70г,965
De Cecco Фусили 500,De Cecco Фусили 500,966
Dolce сода бикар 225,Dolce сода бикар 225,967
Dr.Beckmann WC 20бр.,Dr.Beckmann WC 20бр.,968
Dr.Bеckmann M.Leaves,Dr.Bеckmann M.Leaves,969
Dr.Keskin п.хуск90г,Dr.Keskin п.хуск90г,970
FM Буркан,FM Буркан,971
Feliciana Маргарита,Feliciana Маргарита,972
Fino торби 60л15бр,Fino торби 60л15бр,973
Helios макарони,Helios макарони,974
IZZI ориз Балдо,IZZI ориз Балдо,975
JacobsMonarch250г,JacobsMonarch250г,976
K-Bio Грах 750 г,K-Bio Грах 750 г,977
K-Bio Домати мини,K-Bio Домати мини,978
K-fav.шунка,K-fav.шунка,979
KLC ASC скариди,KLC ASC скариди,980
KLC КМ 2% 400 г,KLC КМ 2% 400 г,981
KLC Пудинг ван.200г,KLC Пудинг ван.200г,982
KLC попив.кърпа 5 бр,KLC попив.кърпа 5 бр,983
KLC.безкоф.мл.250г,KLC.безкоф.мл.250г,984
Kit Kat бял 40 г,Kit Kat бял 40 г,985
Kotanyi пипер,Kotanyi пипер,986
LU.Детска тениска,LU.Детска тениска,987
Lindt бонб.Pist.200г,Lindt бонб.Pist.200г,988
Lindt бонбони 200гр,Lindt бонбони 200гр,989
Lindt сърце 160 г,Lindt сърце 160 г,990
Loto натурал 45гр,Loto натурал 45гр,991
Mega Nuts снакс60г,Mega Nuts снакс60г,992
Milka КексчеCow 140г,Milka КексчеCow 140г,993
"Mirinda 0,33 л кен","Mirinda 0,33 л кен",994
Monarch Топ.сирене,Monarch Топ.сирене,995
NUII Мултипак 255г,NUII Мултипак 255г,996
NUII Мултипак 402г,NUII Мултипак 402г,997
Naturella N.D.20бр,Naturella N.D.20бр,998
"Nesquik plus 13,5г","Nesquik plus 13,5г",999
Nestle Lion 600г,Nestle Lion 600г,1000
PassionataКапричоза,PassionataКапричоза,1001
Pescado нахут 540 г,Pescado нахут 540 г,1002
Pezиграчка+2пълнит,Pezиграчка+2пълнит,1003
Picantina бакпулвер,Picantina бакпулвер,1004
Queen`s Ананас,Queen`s Ананас,1005
"Rilana 1,5л 2 * 0,57","Rilana 1,5л 2 * 0,57",1006
Schogetten шоко 116г,Schogetten шоко 116г,1007
Somat гел 114 изм.,Somat гел 114 изм.,1008
Varta AA 5 бр.,Varta AA 5 бр.,1009
Авокадо Едро бр,Авокадо Едро бр,1010
Белис трио 12см,Белис трио 12см,1011
Бисер олио 1 л,Бисер олио 1 л,1012
Бочко вл.Кърпи 120бр,Бочко вл.Кърпи 120бр,1013
Брей! Точени кори,Брей! Точени кори,1014
Букет хризантеми 5бр,Букет хризантеми 5бр,1015
"Велинград вода 0,5","Велинград вода 0,5",1016
Гума с острилка,Гума с острилка,1017
Гюзел кори 400 г,Гюзел кори 400 г,1018
Дерони клас горч 200,Дерони клас горч 200,1019
Джоджен връзка бр.,Джоджен връзка бр.,1020
Домати Адора 300г бр,Домати Адора 300г бр,1021
Домати Албенга кг,Домати Албенга кг,1022
Домати микс 500 гр,Домати микс 500 гр,1023
Елена КС ИО 500г,Елена КС ИО 500г,1024
Елена КС шайби 400г,Елена КС шайби 400г,1025
Еленко Кашкавал 400г,Еленко Кашкавал 400г,1026
К-кт за резници,К-кт за резници,1027
КЕНКренвирши320гр,КЕНКренвирши320гр,1028
Картофено кюфте80г,Картофено кюфте80г,1029
Карфиол броколи 300г,Карфиол броколи 300г,1030
Киви Голд 500г бр,Киви Голд 500г бр,1031
Кн. МРАВКИТЕ,Кн. МРАВКИТЕ,1032
Кн. Мама,Кн. Мама,1033
Кн.Да поиграем навън,Кн.Да поиграем навън,1034
Кн.Как жабчето Кваки,Кн.Как жабчето Кваки,1035
Кн.Мозайки. Домашни,Кн.Мозайки. Домашни,1036
Кн.Моят дядо,Кн.Моят дядо,1037
Кн.Моята баба,Кн.Моята баба,1038
Контейнер за съхр.,Контейнер за съхр.,1039
Кус кус 500г,Кус кус 500г,1040
Лаврак чистен кг,Лаврак чистен кг,1041
Мащерка бр,Мащерка бр,1042
Мини пици Прошуто,Мини пици Прошуто,1043
Млечен шоколад80гр,Млечен шоколад80гр,1044
Ная вафли 321г,Ная вафли 321г,1045
Нишесте шоколад 60,Нишесте шоколад 60,1046
Ноч. Био лешници 250,Ноч. Био лешници 250,1047
Ориз екстра,Ориз екстра,1048
Писалка Carotina,Писалка Carotina,1049
Пица Специале 1kg,Пица Специале 1kg,1050
Портокали (кг),Портокали (кг),1051
Пуешко месо за готв.,Пуешко месо за готв.,1052
Роза 60см.,Роза 60см.,1053
Роса Изворна вода,Роса Изворна вода,1054
Салата Дъбово листо,Салата Дъбово листо,1055
Салата Хрупкав микс,Салата Хрупкав микс,1056
Сарми лозови постни,Сарми лозови постни,1057
Снак мляко,Снак мляко,1058
Средиземноморска 250,Средиземноморска 250,1059
Уред за гладене,Уред за гладене,1060
Фасул зелен,Фасул зелен,1061
Фурма без кост.350г,Фурма без кост.350г,1062
"Хляб,600гр","Хляб,600гр",1063
Хоризонт L6 подови,Хоризонт L6 подови,1064
Чай Билкана 30 гр,Чай Билкана 30 гр,1065
брашно от лимец пъл.,брашно от лимец пъл.,1066
